Ранг,Модель,Архитектура,Пикс. шейдеры,Вершин. шейдеры,Штатная частота,Turbo,Частота памяти,Шина памяти,Тип,Версия DirectX,OpenGL,"Потенциал, %",3DMark Ice Storm GPU,3DMark Cloud Gate GPU,3DMark Fire Strike Graphics,3DMark11 P GPU,3DMark06,GFXBench
"1. Видеокарты класса High-End
Эти карты обеспечивают наивысший возможный для мобильных компьютеров уровень производительности в 3D. Они вполне способны справиться с современными играми при высоком разрешении и выкрученных на максимум настройках графики. Однако в силу того, что данные видеокарты потребляют очень много энергии, они используются только в больших ноутбуках со слабым временем автономной работы.",,,,,,,,,,,,,,,,,,
3,NVIDIA GeForce GTX 1080 SLI (Laptop),Pascal,5120,,1556,1733,10000,2x 256,GDDR5,12 (FL 12_1),4.5,97.9,,161119,39221,50284,,
5,NVIDIA GeForce GTX 1070 SLI (Laptop),Pascal,4096,,1443,1645,8000,2x 256,GDDR5,12 (FL 12_1),4.5,86.2,,152370,32969,42910,,
7,NVIDIA GeForce GTX 1080 (Laptop),Pascal,2560,,1566,1733,10000,256,GDDR5X,12_1,4.5,73.4,420914,125447,21534,28458,36927,
9,NVIDIA GeForce GTX 1080 Max-Q,Pascal,2560,,1101 - 1290,1278 - 1468,10000,256,GDDR5X,12_1,4.5,70.4,387951,114542,18219,23540,31555,1365
10,NVIDIA GeForce GTX 980 SLI (Laptop),Maxwell,4096,,1126,1228,3500,2x 256,GDDR5,12 (FL 12_1),4.5,77.1,,155238,25453,33169,35639,
11,NVIDIA Quadro P5200,Pascal,2048,,1556,1746,7200,256,GDDR5,12_1,4.5,,,,,,,
13,NVIDIA GeForce GTX 1070 (Laptop),Pascal,2048,,1443,1645,8000,256,GDDR5,12_1,4.5,58.9,337468,100453,17150.5,22468.5,30279,
,,,,,,,,,,,,,,,,,,
14,NVIDIA Quadro P5000,Pascal,2048,,1164,1506,6006,256,GDDR5,12_1,4.5,64,401246,86679,14666,20096,33236,1192.41
16,NVIDIA GeForce GTX 1070 Max-Q,Pascal,2048,,1101 - 1215,1265 - 1379,8000,256,GDDR5,12_1,4.5,54.7,332816,101163,14607,18689,27313.5,
17,NVIDIA Quadro P5000 Max-Q,Pascal,2048,,1101,1366,6006,256,GDDR5,12_1,4.5,,,,,,,
18,NVIDIA GeForce GTX 980M SLI,Maxwell,3072,,1038,1127,5000,2x 256,GDDR5,12 (FL 12_1),4.5,57.2,,124076,18632,22006,26604,
23,NVIDIA GeForce GTX 980 (Laptop),Maxwell,2048,,1126,1228,3500,256,GDDR5,12 (FL 12_1),4.5,53.7,347481,76705,13047,17200.5,32943,
24,NVIDIA Quadro M5500,Maxwell,2048,,1139,1140,6606,256,GDDR5,12 (FL 12_1),4.5,,,,,,,
25,NVIDIA Quadro P4000,Pascal,1792,,1202,,6006,256,GDDR5,12_1,4.5,54.4,369407,53834,12259,15433,29155,1114.39
26,NVIDIA Quadro P4000 Max-Q,Pascal,1792,,1113,1240,6006,256,GDDR5,12_1,4.5,48.1,297918,74933,12312,15837,28211,
28,NVIDIA GeForce GTX 970M SLI,Maxwell,2560,,924,1038,5000,2x 192,GDDR5,12 (FL 12_1),,51.4,256573,96943.5,14759.5,18870,28182.5,
30,NVIDIA Quadro P3000,Pascal,1280,,1088,1215,7008,192,GDDR5,12_1,4.5,46.7,331998,63331.5,9255.5,11633.5,29440,711.6
31,NVIDIA Quadro P3000 Max-Q,Pascal,1280,,1075,1240,7008,192,GDDR5,12_1,4.5,,,,,,,
33,AMD Radeon RX 580 (Laptop),Polaris,2304,,1077,,,,GDDR5,12,,33,,68629,11010,15264,,
Ранг,Модель,Архитектура,Пикс. шейдеры,Вершин. шейдеры,Штатная частота,Turbo,Частота памяти,Шина памяти,Тип,Версия DirectX,OpenGL,"Потенциал, %",3DMark Ice Storm GPU,3DMark Cloud Gate GPU,3DMark Fire Strike Graphics,3DMark11 P GPU,3DMark06,GFXBench
34,NVIDIA GeForce GTX 1060 (Laptop),Pascal,1280,,1506,1708,8000,192,GDDR5,12_1,4.5,45.3,297004,69575,11440.5,14731.5,25661,
35,NVIDIA GeForce GTX 1060 Max-Q,Pascal,1280,,1063 - 1265,1341 - 1480,8000,192,GDDR5,12_1,4.5,38.6,287286,65299.5,10300.5,13177,,
39,AMD Radeon Pro WX 7100,Polaris,2304,,,1243,7000,256,GDDR5,12,Vulkan,,,,,,,
41,AMD Radeon RX 570 (Laptop),Polaris,2048,,,,7000,256,GDDR5,12,Vulkan,,,,,,,
42,AMD Radeon RX 470 (Laptop),Polaris,2048,,926,1206,7000,256,GDDR5,12,Vulkan,,,,,,,
Архивные (старые): AMD Radeon RX 480 (Laptop) (Polaris),,,,,,,,,,,,,,,,,,
"2. Видеокарты среднего диапазона
Эти видеоадаптеры справляются с большинством современных игр и демонстрируют в них более или менее комфортную частоту смены кадров. Однако особенно требовательные детища игровой индустрии придется на них запускать со средней или низкой детализацией. Плюсом таких видеокарт является то, что их можно использовать в не очень больших ноутбуках с приличным временем автономной работы.",,,,,,,,,,,,,,,,,,
43,NVIDIA GeForce GTX 880M SLI,Kepler,3072,,954,,5000,2x 256,GDDR5,12 (FL 11_0),4.3,35.8,,77057,11817,15823,,
47,NVIDIA GeForce GTX 965M SLI,Maxwell,2048,,924,950,5000,2x 128,GDDR5,12 (FL 12_1),,34.9,250259,51182,10207,14428,,
52,NVIDIA GeForce GTX 980M,Maxwell,1536,,1038,1127,5000,256,GDDR5,12 (FL 12_1),4.5,45.5,327632,65241,9677,12517,26811,660
53,NVIDIA Quadro M5000M,Maxwell,1536,,962,1051,5000,256,GDDR5,12_1,4.5,46.1,324161,63738,9227.5,11845,30962,
57,NVIDIA GeForce GTX 1050 Ti (Notebook),Pascal,768,,1493,1620,7000,128,GDDR5,12_1,4.5,40.2,298608,50499,7766,9741,27472,
59,NVIDIA GeForce GTX 970M,Maxwell,1280,,924,1038,5000,192,GDDR5,12 (FL 12_1),4.5,38.6,274626,51247,7463,9877.5,26468,
60,NVIDIA Quadro M4000M,Maxwell,1280,,975,1013,5012,256,GDDR5,12_1,4.5,23.1,,49204,7723,10259,,
65,AMD Radeon R9 M395X,GCN 3,2048,,,909,5460,256,GDDR5,12 (FL 12_0),,19.5,,,7921,,,
66,AMD Radeon R9 M485X,GCN 3,2048,,,,5000,256,GDDR5,12 (FL 12_0),,,,,,,,
67,AMD Radeon R9 M295X,GCN 3,2048,,,850,5448,256,GDDR5,12 (FL 12_0),,34.2,,38132,6590.5,8850.5,35421,393
68,AMD Radeon R9 M390X,GCN 3,2048,,,723,5000,256,GDDR5,12 (FL 12_0),4.3 / Vulkan,,,,,,,
69,NVIDIA Quadro M3000M,Maxwell,1024,,1050,,5000,256,GDDR5,12_1,4.5,31.3,,44602.5,6536.5,8288.5,27320.5,
71,NVIDIA GeForce GTX 1050 (Notebook),Pascal,640,,1354,1493,7000,128,GDDR5,12_1,4.5,36.6,282600,37840,6022.5,7721.5,27132,532.5
72,AMD FirePro W7170M,GCN 3,2048,,723,,5000,256,GDDR5,12 (FL 12_0),4.3 / Vulkan,32.7,,43124,6935,9708,28430,
73,AMD Radeon R9 M395,GCN,1792,,834,,5460,256,GDDR5,12 (FL 12_0),4.3 / Vulkan,19.1,,38490,6819,8656,,
Ранг,Модель,Архитектура,Пикс. шейдеры,Вершин. шейдеры,Штатная частота,Turbo,Частота памяти,Шина памяти,Тип,Версия DirectX,OpenGL,"Потенциал, %",3DMark Ice Storm GPU,3DMark Cloud Gate GPU,3DMark Fire Strike Graphics,3DMark11 P GPU,3DMark06,GFXBench
76,NVIDIA GeForce GTX 880M,Kepler,1536,,954,,5000,256,GDDR5,12 (FL 11_0),4.3,31.6,268706,39891,6101,8578,29036.5,65
81,NVIDIA GeForce GTX 780M,Kepler,1536,,823,,5000,256,GDDR5,11,4.3,26.6,,35965,5244,7776.5,23381.5,
82,NVIDIA Quadro K5100M,Kepler,1536,,771,,3600,256,GDDR5,11,4.3,20.9,2197,31015,4793,6880,24910,
85,AMD Radeon RX 560 (Laptop),Polaris,896,,,,6000,128,GDDR5,12,Vulkan,,,,,,,
86,AMD Radeon Pro WX 4150,Polaris,896,,,1053,7000,128,GDDR5,12,Vulkan,,,,,,,
88,NVIDIA GeForce GTX 965M,Maxwell,1024,,924 / 935,950 / 1151,5000,128,GDDR5,12 (FL 12_1),4.5,33.1,259766,34748,5536,7322,24774,446
89,NVIDIA Quadro M2200,Maxwell,1024,,694,1038,5508,128,GDDR5,12 (FL 11_0),4.5,35.8,289176,37796,5850,7372,28149.5,432
90,NVIDIA GeForce GTX 870M,Kepler,1344,,941,,5000,192,GDDR5,12 (FL 11_0),4.3,26.3,,31322,4694,7156,25112,
91,AMD Radeon R9 M290X,GCN,1280,,850,900,4800,256,GDDR5,12 (FL 11_1),4.3,15.6,,33147,5294,6817,,
97,AMD Radeon RX 460 (Laptop),Polaris,896,,,1180,6000,128,GDDR5,12,Vulkan,17.1,96383,31294,5107.5,7792.5,,
100,AMD FirePro M6100,GCN,768,,1100,,6000,128,GDDR5,12 (FL 12_0),4.3,23.9,,25342,3837,5369,25004,
102,AMD Radeon R9 M390,GCN,1024,,,958,5460,256,GDDR5,12 (FL 11_2),,37.7,,,,6819,25800,
103,AMD Radeon Pro 560,Polaris,1024,,907,,5080,128,GDDR5,12,Vulkan,26.3,198867,23105,3892,5305,24516,283.6
104,AMD Radeon Pro 460,Polaris,1024,,900,,5000,128,GDDR5,12,Vulkan,26.2,,27064,4584,6749,27694,320.9
105,AMD Radeon Pro WX 4130,Polaris,640,,,1053,7000,128,GDDR5,12,Vulkan,,,,,,,
106,NVIDIA GeForce GTX 960M,Maxwell,640,,1096,1202,5000,128,GDDR5,12 (FL 11_0),4.5,29.2,226308,30085.5,4318,5278,23733,
111,NVIDIA Quadro M1200,Maxwell,640,,991,1150,5000,128,GDDR5,12 (FL 11_0),4.5,30.6,240298,27557,4141.5,5310,26109,
112,AMD Radeon RX 550 (Laptop),Polaris,512,,1100,1183,7000,128,GDDR5,12,Vulkan,29.3,239256,27941,4041,5557,23308,
114,NVIDIA GeForce MX150 (Laptop GT 1030),Pascal,384,,1468,1532,6008,64,GDDR5,12_1,4.5,25.2,232351,20470,3569.5,4564,20343,283.9
115,NVIDIA Quadro P500,Pascal,384,,,,6008,64,GDDR5,12_1,4.5,,,,,,,
Ранг,Модель,Архитектура,Пикс. шейдеры,Вершин. шейдеры,Штатная частота,Turbo,Частота памяти,Шина памяти,Тип,Версия DirectX,OpenGL,"Потенциал, %",3DMark Ice Storm GPU,3DMark Cloud Gate GPU,3DMark Fire Strike Graphics,3DMark11 P GPU,3DMark06,GFXBench
116,NVIDIA Quadro M2000M,Maxwell,640,,1038,1197,5000,128,GDDR5,12 (FL 11_0),4.5,24.6,,29795,4157,5143,25604,310.7
117,NVIDIA Quadro K5000M,Kepler,1344,,706,,3000,256,GDDR5,11,4.1,22.2,,23060.5,2797.5,4893,24239,
118,NVIDIA Quadro K4100M,Kepler,1152,,706,,3200,256,GDDR5,11,4.3,23.8,,24685,3654,4957,25559.5,
119,AMD Radeon Pro 555,Polaris,768,,855,,5080,128,GDDR5,12,Vulkan,28.9,217690,22624,3721,5185,26389,
120,AMD Radeon Pro 455,Polaris,768,,855,,5000,128,GDDR5,12,Vulkan,27.2,229045,23434,3759,5388,25873,229
121,NVIDIA GeForce GTX 770M,Kepler,960,,811,,4000,192,GDDR5,11,4.3,21.9,,23513,3347,4889,22486,321
122,AMD Radeon RX 540,Polaris,512,,,1219,6000,128,GDDR5,12,Vulkan,,,,,,,
123,NVIDIA GeForce GTX 860M,Maxwell,640,,1029,,5000,128,GDDR5,12 (FL 11_0),4.4,27.9,215144,27960.5,3904,4902,23220.5,
131,AMD Radeon Pro 450,Polaris,640,,800,,5080,128,GDDR5,12,Vulkan,26.4,200518,21533,3252,4502,24189,
132,NVIDIA GeForce GTX 950M,Maxwell,640,,914 - 993,1124,1800 - 5000,128,DDR3/GDDR5,12 (FL 11_0),4.5,23.9,198867,21500,3175,4384,21645,244.7
133,AMD Radeon R9 M470X,GCN 2,896,,1100,,6000,128,GDDR5,12 FL11_1,4.3,,,,,,,
134,AMD Radeon R9 M385X,GCN,896,,1100,,6000,128,GDDR5,12 FL11_1,4.3,16.7,,22544,3404.5,5514.5,14024,
135,NVIDIA GeForce GTX 850M,Maxwell,640,,876,,2000 - 5000,128,"DDR3, GDDR5",12 (FL 11_0),4.4,17.1,,21873,3085.5,4385.5,16135,
136,NVIDIA Quadro M1000M,Maxwell,512,,993,1072,5000,128,GDDR5,12 (FL 11_0),4.5,22.5,,23422,3497.5,4229.5,24483,
137,NVIDIA Quadro M620,Maxwell,512,,,,5000,128,GDDR5,12 (FL 11_0),4.5,21.2,,23259,3204,3801,24751,232.29
138,AMD Radeon R9 M280X,GCN,896,,900,1000,5500,128,GDDR5,12 (FL 12_0),4.4,15,,23201,3498,4698,11618,
143,NVIDIA GeForce 945M,Maxwell,512,,928,1045,2000,128,DDR3,12 (FL 11_0),4.5,22,193684,19405,2850,3309.5,20209,208.47
144,NVIDIA GeForce GTX 765M,Kepler,768,,850,,4000,128,GDDR5,11,4.3,18.3,,17616,2479,4019,19624,266
148,NVIDIA Quadro K4000M,Kepler,960,,600,,2800,256,GDDR5,11,4.1,18.3,,19058,2199,3466,20518,
149,AMD Radeon RX Vega 10,Vega,640,,,1300,,,,12_1,,,,,,,,
Ранг,Модель,Архитектура,Пикс. шейдеры,Вершин. шейдеры,Штатная частота,Turbo,Частота памяти,Шина памяти,Тип,Версия DirectX,OpenGL,"Потенциал, %",3DMark Ice Storm GPU,3DMark Cloud Gate GPU,3DMark Fire Strike Graphics,3DMark11 P GPU,3DMark06,GFXBench
150,Intel Iris Pro Graphics P580,Intel Gen. 9 (Skylake),72,,350,1100,,eDRAM + 64/128,eDRAM,12 (FL 12_1),4.4,,,,,,,
151,Intel Iris Pro Graphics 580,Intel Gen. 9 (Skylake),72,,350,1050,,eDRAM + 64/128,eDRAM,12 (FL 12_1),4.4,15.1,184880,14594,1903,3220,,
156,AMD Radeon R9 M470,GCN 2,768,,1000,,6000,128,GDDR5,12 FL11_1,4.3,12,,24365,3655,,,
158,AMD Radeon R9 M380,GCN,768,,1000,,6000,128,GDDR5,11.1,4.3,,,,,,,
167,NVIDIA Quadro K3100M,Kepler,768,,706,,3200,256,GDDR5,11,4.3,19.8,,18389,2797,3581,22437.5,
168,AMD FirePro W5170M,GCN,640,,,925,4500,128,GDDR5,12 (FL 12_0),4.3 / Vulkan,9,,19095,2909,4197,,
169,AMD Radeon R9 M370X,GCN 1.0,640,,800,,4500,128,GDDR5,12 (FL 11_1),4.3,20.8,188948,15454.5,2419,3637.5,18481,219.8
172,NVIDIA GeForce GTX 760M,Kepler,768,,657,,4000,128,GDDR5,11,4.3,17,,15900,2271,3369,19221,
173,AMD Radeon R9 M275,GCN,640,,925,,4500,128,GDDR5,12 (FL 11_1),4.2,15,145646,11459,1885,3261,10378,
175,"NVIDIA Maxwell GPU Surface Book (940M, GDDR5)",Maxwell,384,,954,993,5012,64,GDDR5,12 (FL 11_0),4.5,16.1,123411,11380,2075.5,2577,15111,
176,AMD FirePro W5130M,GCN,512,,,925,4000,128,GDDR5,12 (FL 12_0),4.3 / Vulkan,14.4,,14380.5,2110,3106,15680,
182,NVIDIA Quadro K3000M,Kepler,576,,654,,2800,256,GDDR5,11,4.1,22.8,,,,2427,17037.5,
184,AMD FirePro M6000,GCN,640,,750,,4500,128,GDDR5,11.1,4.1,23,,,,2422,17152,
185,AMD FirePro M5100,GCN,640,,725,775,4500,128,GDDR5,12 (FL 11_1),4.3,16.5,,16784.5,2327.5,2967,18391,
186,NVIDIA Quadro K2100M,Kepler,576,,667,,3000,128,GDDR5,11,4.3,13.3,,11835,1606,2393.5,15586,
192,NVIDIA GeForce GT 755M,Kepler,384,,980,,5400,128,GDDR5,11,,14.5,,14966.5,2105.5,2800.5,15861,
194,NVIDIA GeForce 845M,Maxwell,384,,1071,1150,2000 - 5000,64/128,DDR3/GDDR5,12 (FL 11_0),4.4,6.7,,13754,2362,2973,,
197,AMD Radeon R9 M265X,GCN,640,,625,,4000,128,GDDR5,12 (FL 11_1),,13.7,,12510,1997,2633,15426,
199,AMD Radeon R7 M465,GCN,384,,825,960,4000,128,GDDR5,11.1,,5.9,,12250,1740,,,
201,AMD FirePro W4170M,GCN,384,,850,900,4000,128,GDDR5,11.2,,12.3,,12506,1766,2315,13622,
Ранг,Модель,Архитектура,Пикс. шейдеры,Вершин. шейдеры,Штатная частота,Turbo,Частота памяти,Шина памяти,Тип,Версия DirectX,OpenGL,"Потенциал, %",3DMark Ice Storm GPU,3DMark Cloud Gate GPU,3DMark Fire Strike Graphics,3DMark11 P GPU,3DMark06,GFXBench
207,NVIDIA GeForce GT 750M,Kepler,384,,967,,2000 - 5000,128,"DDR3, GDDR5",11,,12.1,,10822,1574,2543,13670,
208,Intel Iris Pro Graphics 6200,Broadwell,48,,300,1150,,eDRAM + 64/128,,12 (FL 11_1),4.3,6.4,,15387.5,1736.5,2766,,
209,NVIDIA Quadro M520,Maxwell,384,,756,1019,,64,GDDR5,12 (FL 11_0),4.5,18.4,166193,13394,2342,2658,17305,178.5
210,NVIDIA GeForce MX130,Maxwell,384,,1122,1242,,64,GDDR5/DDR3,12 (FL 11_0),4.5,6.3,,,,3188,,
211,NVIDIA GeForce 940MX,Maxwell,384,,1122,1242,4000,64,GDDR5/DDR3,12 (FL 11_0),4.5,14.8,143929,11461.5,1960.5,2543,12843,131.1
212,NVIDIA Quadro K1100M,Kepler,384,,705,,2800,128,GDDR5,11,4.3,10.4,,9227.5,1340.5,1826.5,12159,
213,AMD Radeon RX Vega 8,Vega,512,,,1100,,,,12_1,,12,113347,16285,2460,3602,,
214,NVIDIA GeForce 940M,Maxwell,384,,1072,1176,2000,64,DDR3,12 (FL 11_0),4.5,13.2,123311,8818.5,1622,2405.5,11920,127.47
215,NVIDIA GeForce 930MX,Maxwell,384,,952,1020,2000,64,GDDR5/DDR3,12 (FL 11_0),4.5,10.4,,9056,1573,2197,12183,124.1
216,AMD FirePro W4190M,GCN,384,,825,900,4000,128,GDDR5,11.2,,11.9,,12317,1745,2351,12929,
"Архивные (старые): NVIDIA GeForce GTX 780M SLI (N14E-GTX), AMD Radeon RX 490M (Polaris), AMD Radeon R9 M290X Crossfire (Neptune CF), AMD Radeon HD 8970M Crossfire (Neptune CF), NVIDIA GeForce GTX 680M SLI (N13E-GTX), AMD Radeon HD 7970M Crossfire (Wimbledon XT), NVIDIA GeForce GTX 860M SLI, NVIDIA GeForce GTX 770M SLI, NVIDIA GeForce GTX 680MX, AMD Radeon HD 8970M (Neptune), NVIDIA GeForce GTX 675M SLI (N12E-GTX2), NVIDIA GeForce GTX 765M SLI, NVIDIA GeForce GTX 680M (N13E-GTX), NVIDIA GeForce GTX 775M (N13E-GTX-A2), AMD Radeon HD 7970M (Wimbledon XT), NVIDIA GeForce GTX 670MX SLI (N13E-GR), NVIDIA GeForce GTX 580M SLI (N12E-GTX2), AMD Radeon HD 6990M Crossfire (Blackcomb XTX), NVIDIA GeForce GT 755M SLI (N14P-), NVIDIA GeForce GTX 485M SLI (N11E-GTX-A1), AMD Radeon HD 6970M Crossfire (Blackcomb XT), NVIDIA GeForce GTX 675MX (N13E-GSR), NVIDIA GeForce GT 750M SLI (N14P-GT), AMD Radeon HD 7950M (Wimbledon Pro), NVIDIA GeForce GTX 470M SLI (N11E-GT), NVIDIA GeForce GTX 480M SLI (N11E-GTX-A3), NVIDIA GeForce GTX 560M SLI (N12E-GS), NVIDIA GeForce GTX 675M (N13E-GS1), NVIDIA GeForce GTX 580M (N12E-GTX2), AMD Radeon HD 6990M (Blackcomb XTX), AMD Radeon R9 M385, NVIDIA GeForce GT 650M SLI (N13E-GE), NVIDIA GeForce GTX 460M SLI (N11E-GS), ATI Mobility Radeon HD 5870 Crossfire (Broadway-XT), NVIDIA GeForce GTX 485M (N12E-GTX-A1), NVIDIA GeForce GTX 285M SLI (N10E-GTX), NVIDIA GeForce GTX 670MX (N13E-GR), NVIDIA Quadro 5010M (N12E-Q5), NVIDIA GeForce GTX 670M (N13E-GS1-LP), AMD FirePro M8900 (Blackcomb XT), AMD Radeon HD 6970M (Blackcomb XT), AMD Radeon R9 M270, AMD Radeon HD 8870M, AMD Radeon HD 7870M (Heathrow XT), NVIDIA GeForce GTX 570M (N12E-GT), NVIDIA GeForce GTX 280M SLI (N10E-GTX), AMD Radeon HD 6950M (Blackcomb Pro), NVIDIA GeForce GTX 660M (N13E-GE), AMD Radeon HD 8850M, AMD Radeon R9 M365X, AMD Radeon HD 7850M (Heathrow Pro), AMD Radeon HD 8790M (Mars XTX), ATI Mobility Radeon HD 4870 X2 (M98-XT), NVIDIA Quadro 4000M (Fermi), NVIDIA GeForce GTX 470M (N11E-GT), NVIDIA GeForce GTX 480M (N11E-GTX-A3)",,,,,,,,,,,,,,,,,,
"3. Видеокарты нижне-среднего диапазона
Эти видеокарты класса low-end предназначены для бережливых пользователей, которые, тем не менее, не прочь поиграть в игры. Они позволяют делать это при низкой детализации и среднем разрешении. Сравнительно низкое энергопотребление (современных представителей этого класса) обеспечивает неплохое время автономной работы соответствующих ноутбуков.",,,,,,,,,,,,,,,,,,
217,AMD Radeon R9 M375,GCN,640,,1015,,2200,128,DDR3,12 (FL 11_1),4.3,10.9,,8466,1667,3314,11543,
218,AMD Radeon R7 M445,GCN,320,,920,,2000,64,GDDR5,12,4.5,14.5,126481,9617,1579,2208,12657,
220,AMD Radeon R7 M370,GCN,384,,875,,3600,128,GDDR5,12,4.4,13.1,118746,10364,1760,2524,12983,80.7
221,NVIDIA Quadro M600M,Maxwell,384,,837,876,5012,128,GDDR5,12 (FL 11_0),4.5,18.1,,18491,2430,2911,20563,
224,NVIDIA GeForce 840M,Maxwell,384,,1029,,2000,64,DDR3,12 (FL 11_0),4.5,11.3,119888,8723.5,1573,2338,10332,41
225,AMD Radeon R7 M275DX,GCN,896,,,,,,DDR3,12,,12.5,86346,11160,1931.5,3553,12122,112
226,NVIDIA GeForce GT 745M,Kepler,384,,837,,1800,128,"DDR3, GDDR5",11,,11.7,,10147,1531,2249,13462.5,
229,AMD Radeon R7 (Bristol Ridge),GCN 1.2/2.0,512,,,900,,64/128,,12 (FL 12_0),4.4,7.2,52245.5,5294.5,1013,1852,6644.5,90
231,Intel Iris Pro Graphics 5200,Haswell,40,,200,1300,,eDRAM + 64/128,eDRAM,11.1,4.0,13.4,110085,11930,1380.5,1923,13123,136
233,NVIDIA GeForce GT 740M,Kepler,384,,810,980,1600 - 1800,64/128,DDR3,11,4.3,8.5,,7403,1150.5,1848,9700,112
Ранг,Модель,Архитектура,Пикс. шейдеры,Вершин. шейдеры,Штатная частота,Turbo,Частота памяти,Шина памяти,Тип,Версия DirectX,OpenGL,"Потенциал, %",3DMark Ice Storm GPU,3DMark Cloud Gate GPU,3DMark Fire Strike Graphics,3DMark11 P GPU,3DMark06,GFXBench
234,AMD Radeon 530,GCN,384,,1024,,2250,64,DDR3/GDDR5,12,4.5,10.4,89027,6321.5,1294.5,2323.5,9517,113.8
235,NVIDIA GeForce 930M,Maxwell,384,,928,941,1800,64,DDR3,12 (FL 11_0),4.5,9.9,,8309,1460.5,2153,11760,114.2
236,Intel Iris Plus Graphics 650,Intel Gen. 9.5 (Kaby Lake),48,,300,1100,,64/128,DDR3/DDR4,12 (FL 12_1),4.4,17.9,161538,13153,1698,2761.5,15175,
237,Intel Iris Graphics 550,Intel Gen. 9 (Skylake),48,,300,1100,,64/128,DDR3/DDR4,12 (FL 12_1),4.4,16.5,139193,12812,1520,2524,15266,205.6
238,NVIDIA GeForce 830M,Maxwell,256,,1029,1150,1800,64,DDR3,12 (FL 11_0),4.4,9.2,,8104.5,1386.5,1961,10222.5,
239,NVIDIA GeForce MX110,Maxwell,256,,965,993,1800,64,GDDR5/DDR3,12,4.5,,,,,,,
240,NVIDIA GeForce 920MX,Maxwell,256,,965,993,1800,64,GDDR5/DDR3,12,4.5,11.1,98596,7733,1282,1791,10781,103.1
243,Intel Iris Plus Graphics 640,Intel Gen. 9.5 (Kaby Lake),48,,300,1050,,64/128,DDR3/DDR4,12 (FL 12_1),4.4,15.6,145481,11248,1393.5,2379,14117.5,171
244,Intel Iris Graphics 540,Intel Gen. 9 (Skylake),48,,300,1050,,64/128,DDR3/DDR4,12 (FL 12_1),4.4,14.8,126078,11327,1448,2211.5,13568.5,183
245,NVIDIA Quadro M500M,Maxwell,384,,1029,1124,4004,64,DDR3,12 (FL 11_0),4.5,13.5,126522,8348,1594.5,2364.5,12377.5,129.5
246,NVIDIA Quadro K2000M,Kepler,384,,745,,1800,128,DDR3,11,4.1,10.1,,8766,1046,1798,11991,
249,NVIDIA GeForce GT 735M,Kepler,384,,575,889,1800 - 2000,64,DDR3,11,,7.6,,6757,1023.5,1713,8527,
251,NVIDIA GeForce 825M,Kepler,384,,850,,1800,64,DDR3,12 (FL 11_0),4.3,8.3,,7416,1150,1756.5,9290,
253,AMD FirePro M4000,GCN,512,,600,,4500,128,GDDR5,11,4.1,12.3,,12587,1713,1981,13930.5,
260,AMD Radeon R7 M260X,GCN,384,,715,,4000,128,GDDR5,12 (FL 11_1),4.3,12,98071,9034,1396,1903,11820,129.1
263,NVIDIA GeForce GT 730M,Kepler,384,,725,,1800 - 2000,64/128,DDR3,11,,9.6,86656,7152,1061,1722,10333,48
266,AMD FirePro M4100,GCN,384,,670,,4000,128,GDDR5,12 (FL 11_1),4.3,7.9,,6297,857,1728,9320,
269,AMD Radeon R7 M270,GCN,384,,825,,1800 - 2000,128,DDR3,12 (FL 11_1),4.3,8.7,,6364.5,1258,1857.5,9791.5,124.83
270,AMD Radeon R7 M265,GCN,384,,825,980,1800 - 2000,64/128,DDR3,12 (FL 11_1),4.3,8.4,,8401.5,1336,1882,8876,
274,NVIDIA GeForce GT 640M,Kepler,384,,625,645,1800 - 4000,128,"DDR3, GDDR5",11,,11,80836,9024,1225,1728,10625.5,
Ранг,Модель,Архитектура,Пикс. шейдеры,Вершин. шейдеры,Штатная частота,Turbo,Частота памяти,Шина памяти,Тип,Версия DirectX,OpenGL,"Потенциал, %",3DMark Ice Storm GPU,3DMark Cloud Gate GPU,3DMark Fire Strike Graphics,3DMark11 P GPU,3DMark06,GFXBench
275,AMD Radeon R7 (Kaveri),GCN 1.1,512,,553,686,,64/128,,12 (FL 12_0),,7.1,,6544,851,1734,7921.5,
276,AMD Radeon R8 M365DX,GCN,768,,720 / 1125,,800 / 1000,128 + 64,DDR3,12,4.3,10.2,67635.5,11291,1902,2862.5,8708.5,111.31
277,AMD Radeon R7 M460,GCN,384,,984,,2000,64,,12,4.3,10.3,105142,6081,1177,2139,8587,101.4
280,AMD Radeon R7 M360,GCN 2.0,384,,1125,,2000,64,DDR3,12,4.3,9.4,82837,5746,1146,2029,8273.5,111.16
282,AMD Radeon R7 (Carrizo),GCN 1.2/2.0,512,,,800,,64/128,,12 (FL 12_0),4.4,7.8,61071,7431,1137,1792,6528,90.95
283,NVIDIA GeForce 920M,Kepler,384,,954,,1800,64,DDR3,12 (FL 11_0),4.5,9.9,90619,7242,1161.5,1718.5,9003.5,98.35
286,AMD Radeon R8 M445DX,GCN,704,,720 / 1020,,933 / 1000,128 + 64,DDR4/DDR3,12,4.4,10.9,71829,12377,2209,3775,8880.5,107.8
287,AMD Radeon R7 M440,GCN 1.0,320,,1021,,2000,64,DDR3,12,,9.9,87170.5,6040,1197.5,2245,8800,112.1
293,AMD Radeon R7 M340,GCN,320,,1021,,2000,64,DDR3,12,4.3,9.3,69098,6153,1208.5,2148,8982,109.3
294,AMD Radeon 520,GCN 1.0,320,,1030,,2250,64,DDR3/GDDR5,12,4.5,8.5,77543,6156,1022,1877,6492,114.1
295,AMD Radeon R6 M340DX,GCN,704,,,,,,DDR3,12,4.3,7.6,59574,8935,1472,2681,5388,72.6
296,Intel UHD Graphics 630,Intel Gen. 9.5,24,,300,1150,,64/128,,12 (FL 12_1),4.4,13.9,104913,10114,1325,1860,13895,
297,Intel HD Graphics 630,Intel Gen. 9.5 (Kaby Lake),24,,300,1150,,64/128,,12 (FL 12_1),4.4,11.5,90780,9264.5,1018,1665,11452.5,139.8
298,Intel HD Graphics P630,Intel Gen. 9.5 (Kaby Lake),24,,,,,64/128,,12 (FL 12_1),4.4,,,,,,,
299,Intel HD Graphics 530,Intel Gen. 9 (Skylake),24,,350,1150,,64/128,,12 (FL 12_1),4.4,10.9,80241.5,7500,935,1362,11309,
300,Intel HD Graphics P530,Intel Gen. 9 (Skylake),24,,350,1050,,64/128,DDR3/DDR4,12 (FL 12_1),4.4,,,,,,,
302,AMD Radeon R7 M260,GCN,384,,715,980,1800 - 2000,64/128,DDR3,12 (FL 11_1),4.3,7.1,,5603,1067,1897,7810,
303,AMD Radeon R5 (Bristol Ridge),GCN 1.2/2.0,384,,,800,,64/128,,12 (FL 12_0),4.4,8.4,61313,8822,1337,1701.5,7202,107
304,AMD Radeon R5 (Stoney Ridge),GCN 1.2/2.0,192,,,800,,64,,12 (FL 12_0),4.4,5.8,49180,4208,707,1190,5141,67.8
305,Intel UHD Graphics 620,Intel Gen. 9.5 (Kaby Lake Refresh),24,,300,1150,,64/128,DDR3/DDR4,12 (FL 12_1),4.4,11.5,92117.5,9424,1132,1657,11356.5,135
Ранг,Модель,Архитектура,Пикс. шейдеры,Вершин. шейдеры,Штатная частота,Turbo,Частота памяти,Шина памяти,Тип,Версия DirectX,OpenGL,"Потенциал, %",3DMark Ice Storm GPU,3DMark Cloud Gate GPU,3DMark Fire Strike Graphics,3DMark11 P GPU,3DMark06,GFXBench
306,Intel HD Graphics 620,Intel Gen. 9.5 (Kaby Lake),24,,300,1050,,64/128,DDR3/DDR4,12 (FL 12_1),4.4,9.5,77857.5,7636,916,1500,8449,
307,AMD Radeon R6 (Carrizo),GCN 1.2/2.0,384,,,800,,64/128,,12 (FL 12_0),4.4,7.1,53702.5,4717,909,1437.5,6896,88.4
319,AMD Radeon R6 (Kaveri),GCN 1.1,384,,533,654,,64/128,,12 (FL 12_0),,5.6,,5336,770.5,1184,5989,85
338,Intel HD Graphics 5600,Broadwell,24,,300,1050,,64/128,,12 (FL 11_1),4.3,3.3,,7757,991,1431,,
345,AMD Radeon R6 M255DX,GCN,576,,855 / 514,,,,DDR3,12,,4.3,,7172,1114.5,2198,,77
348,NVIDIA Quadro K1000M,Kepler,192,,850,,1800,128,DDR3,11.1,4.1,11.1,,,,1102,8340.5,
364,AMD Radeon HD 8650G,Terascale 3,384,,533,720,,,,11,4.2,8,71794,6453,905,1433,6732.5,100
372,AMD Radeon R5 M335,GCN 1.0,320,,1070,,2200,64,DDR3,12,4.3,7.3,70485,4590,911,1784,5921,73.1
373,AMD Radeon R5 M330,GCN 1.0,320,,1030,,2000,64,DDR3,12,4.3,5.7,,4897,922,1689,5972,
374,AMD Radeon R5 M430,GCN,320,,955,,1746,64,DDR3,12 (11_1),4.3,6,,5493,1004,1689,6246,77
375,AMD Radeon R5 M255,GCN,320,,940,,1800 - 2000,64,DDR3,12,4.3,7.8,,6012.5,1080.5,1779,8935,
377,NVIDIA GeForce 910M,Kepler,384,,641,,2000,64,DDR3,12 (FL 11_0),,6.8,42738,6636,1022,1413,6741,78.7
378,NVIDIA GeForce 820M,Fermi,96,,775,,1800,64,DDR3,12 (FL 11_0),,6.6,,6073.5,897,1266.5,7518,
379,Intel HD Graphics 520,Intel Gen. 9 (Skylake),24,,300,1050,,64/128,DDR3/DDR4,12 (FL 12_1),4.4,8.7,75601,6731,804,1299,8656,87.15
380,Intel Iris Graphics 6100,Broadwell,48,,300,1100,,64/128,,12 (FL 11_1),4.3,9.7,89341,7798,874,1694.5,8764,102.1
381,NVIDIA GeForce GT 720M,Fermi,96,,625,938,1800 - 2000,64,DDR3,11,,7.2,59694,5426,822,1213,7896,50
383,AMD Radeon R5 M240,GCN,320,,1030,,1800,64,DDR3,11.2,,5.6,,5500,949,1588,5698,
384,AMD Radeon R5 M320,GCN 2.0,320,,855,,2000,64,DDR3,12,4.3,,,,,,,
385,AMD Radeon R5 M230,GCN,320,,855,,1800 - 2000,64,DDR3,12,4.3,4.9,,4814,771,1175,5145,
386,AMD Radeon R5 M315,GCN,320,,970,,1800,64,DDR3,12,4.3,2.7,,5040,920,,,
Ранг,Модель,Архитектура,Пикс. шейдеры,Вершин. шейдеры,Штатная частота,Turbo,Частота памяти,Шина памяти,Тип,Версия DirectX,OpenGL,"Потенциал, %",3DMark Ice Storm GPU,3DMark Cloud Gate GPU,3DMark Fire Strike Graphics,3DMark11 P GPU,3DMark06,GFXBench
392,Intel HD Graphics 6000,Broadwell,48,,300,1000,,64/128,,12 (FL 11_1),4.3,7.3,,7660,951,1395.5,8091,
393,NVIDIA Quadro K610M,Kepler,192,,954,,2600,64,GDDR5,11,4.3,6.8,,5837.5,755.5,1143.5,8157,
395,Intel Iris Graphics 5100,Haswell,40,,200,1200,,64/128,,11.1,4.0,7.9,71489,6943.5,878.5,1151,6928.5,83.5
"Архивные (старые): AMD Radeon R7 M380, NVIDIA GeForce GT 650M (N13E-GE), NVIDIA Quadro K620M, AMD Radeon HD 7770M (Chelsea XT), NVIDIA GeForce GTX 560M (N12E-GS), NVIDIA GeForce GTX 260M SLI (NB9E-GTX), ATI Mobility Radeon HD 5870 (Broadway-XT), NVIDIA Quadro 5000M (Fermi), ATI FirePro M7820, AMD Radeon HD 6870M (Granville-PRO), NVIDIA GeForce 9800M GTX SLI (NB9E-GTX), AMD Radeon HD 8830M, AMD Radeon HD 8770M, NVIDIA GeForce GTX 460M (N11E-GS), AMD Radeon HD 8550G + HD 8750M Dual Graphics, NVIDIA GeForce GT 645M (N13P-GS), AMD Radeon HD 7750M (Lombok XL), AMD Radeon HD 8750M (Mars Pro), NVIDIA Quadro 3000M (Fermi), NVIDIA Quadro FX 3800M (N10E-GLM4), NVIDIA GeForce GTX 285M (N10E-GTX1), ATI Mobility Radeon HD 4870 (M98-XT), AMD Radeon HD 7730M (Lombok GL), NVIDIA GeForce GTX 280M (N10E-GTX), NVIDIA GeForce 9800M GT SLI (NB9E-GT2), AMD Radeon HD 8690M, NVIDIA GeForce 9800M GTS SLI (NB9E-GT), ATI Mobility Radeon HD 3870 X2 (M88-XT CF), NVIDIA GeForce 8800M GTX SLI (NB8E-GTX), ATI Mobility Radeon HD 3850 X2 (M88 CF), NVIDIA Quadro FX 3700M (NB9E-GLM3), ATI Mobility Radeon HD 4860 (M97-XT), ATI FirePro M7740 (RV740), ATI Mobility Radeon HD 4850 (M98), NVIDIA GeForce GTX 260M (N10E-GT), NVIDIA GeForce 9800M GTX (NB9E-GTX), NVIDIA Quadro FX 2800M (NB10-GLM3), AMD Radeon HD 6775G2, AMD Radeon HD 7690M XT (Thames XTX), AMD FirePro M5950 (Whistler-XT), NVIDIA GeForce GT 640M LE (N13P-LP), AMD Radeon HD 8650M, AMD Radeon HD 8730M, AMD Radeon HD 6770M (Whistler-XT), NVIDIA GeForce GT 635M (N13E-GE2), NVIDIA GeForce GT 555M (N12E-GE-B), ATI Mobility Radeon HD 5850 (Broadway-PRO), AMD Radeon HD 6850M (Granville Pro/LP), NVIDIA Quadro 2000M (Fermi), NVIDIA GeForce 9800M GT (NB9E-GT2), NVIDIA GeForce 8800M GTX (NB8E-GTX), NVIDIA Quadro FX 3600M (NB8E-GLM), NVIDIA GeForce GT 445M (N11E-GE), NVIDIA GeForce GTS 360M (N11E-GS1), AMD Radeon HD 6755G2, AMD Radeon HD 7690M (Thames XT / XTX), AMD Radeon HD 8650G + HD 8670M Dual Graphics, AMD Radeon HD 8650G + HD 8570M Dual Graphics, AMD Radeon HD 7660G + HD 7670M Dual Graphics, AMD Radeon HD 8550G + HD 8670M Dual Graphics, AMD Radeon HD 8670M, AMD Radeon HD 6750M (Whistler-PRO), NVIDIA GeForce GT 550M (N12P-GT), AMD Radeon HD 8590M, NVIDIA GeForce GTS 260M (N10E-GS), NVIDIA GeForce GTS 160M (N10E-GS1), NVIDIA GeForce 9800M GTS (NB9E-GT), AMD Radeon HD 6830M (Granville-LP), ATI Mobility Radeon HD 5830 (Broadway), AMD Radeon HD 6760G2, AMD Radeon HD 6740G2, AMD Radeon HD 6730M (Whistler-XT), NVIDIA GeForce 9800M GS (NB9E-GS1), ATI Mobility Radeon HD 4830 (M97), ATI Mobility Radeon HD 5770 (Madison-XT), AMD Radeon HD 6570M (Capilano), AMD Radeon HD 7640G + HD 7670M Dual Graphics, AMD Radeon HD 6620G + HD 7670M Dual Graphics, AMD Radeon HD 7520G + HD 7670M Dual Graphics, AMD Radeon HD 7670M (Thames XT), NVIDIA GeForce GT 630M (N13P-GL/GL2), NVIDIA GeForce GTS 150M (N10E-GE1), NVIDIA Quadro 1000M (Fermi), NVIDIA GeForce 8800M GTS (NB8E-GT), ATI Mobility Radeon HD 5750 (Madison-XT), AMD Radeon HD 6720G2, AMD Radeon HD 8450G + Radeon HD 8570M Dual Graphics, AMD Radeon HD 8570M, AMD Radeon HD 8550M, NVIDIA GeForce GT 540M (N12P-GS)",,,,,,,,,,,,,,,,,,
"4. Видеокарты, слабо подходящие для игр
Они позволяют запускать некоторые нетребовательные современные игры. Впрочем, производительности данных видеокарт более чем достаточно для обычных офисных задач и просмотра HD-видео. Плюсом интегрированных видеокарт обычно является наибольшее достижимое время автономной работы использующих их ноутбуков.",,,,,,,,,,,,,,,,,,
397,AMD Radeon HD 8610G,Terascale 3,384,,533,626,,,,11,4.2,3.3,,2749,475,889,3538,
400,Intel HD Graphics 4600,Haswell,20,,200,1350,,64/128,,11.1,4.0,6.6,42242.5,5613,635.5,910.5,7362,78
402,Intel HD Graphics 5500,Broadwell,24,,300,950,,64/128,,12 (FL 11_1),4.3,7,58776,5544,663,979,6998,70.9
407,Intel HD Graphics 615,Intel Gen. 9 (Kaby Lake),24,,300,1050,,64/128,DDR3L/LPDDR3,12 (FL 12_1),4.4,8.5,71510.5,6360,853,1227,7654,
408,AMD Radeon R5 (Carrizo),GCN 1.2/2.0,256,,,800,,64/128,,12 (FL 12_0),4.4,3.1,,5804,1001,1711,,
409,AMD Radeon R5 (Kaveri),GCN 1.1,256,,514,626,,64/128,,12 (FL 12_0),,4,,3959,572,901,4317,
412,NVIDIA GeForce 710M,Fermi,96,,775,800,1800,64,DDR3,11,,6.6,,5323,768.5,1106.5,7993,
413,AMD Radeon HD 7660G,Terascale 3,384,,497,686,,,,11,4.2,9,65558,6408.5,,1057,7317,93
416,Intel HD Graphics 5000,Haswell,40,,200,1100,,64/128,,11.1,4.0,6.9,65904,5693.5,715.5,1033.5,5940,72.5
432,AMD Radeon HD 8550G,Terascale 3,256,,515,720,,,,11,4.2,7.8,67801,6107,792,1179,7314,87
448,Intel HD Graphics 515,Intel Gen. 9 (Skylake),24,,300,1000,,64/128,DDR3L/LPDDR3,12 (FL 12_1),4.4,6.7,56787,5510,697,1011,6446,73.2
449,Intel HD Graphics 4400,Haswell,20,,200,1100,,64/128,,11.1,4.0,5.1,37082,4953,569,735.5,5164,60.5
450,Intel HD Graphics 610,Intel Gen. 9 (Kaby-Lake),12,,300,950,,64/128,DDR3/DDR4,12 (FL 12_1),4.4,6.3,43596,5495,622,842,6869,72.4
451,Intel HD Graphics 510,Intel Gen. 9 (Skylake),12,,300,950,,64/128,DDR3/DDR4,12 (FL 12_1),4.4,7.1,43274,5664,621,847,7253,121.9
480,Intel HD Graphics 5300,Broadwell,24,,100,900,,64/128,,12 (FL 11_1),4.3,5.5,59555,3720,439,647,4775,55
481,Intel HD Graphics 505,Intel Gen. 9 (Apollo Lake),18,,300,750,,64/128,(LP)DDR3(L) / LPDDR4,12 (FL 12_1),4.4,4,31823,3598,482,651,3721,47.2
490,Intel HD Graphics 4000,Ivy Bridge,16,,350,1350,,64/128,,11,3.1,4.6,44323.5,3768.5,480,523,4412.5,39
Ранг,Модель,Архитектура,Пикс. шейдеры,Вершин. шейдеры,Штатная частота,Turbo,Частота памяти,Шина памяти,Тип,Версия DirectX,OpenGL,"Потенциал, %",3DMark Ice Storm GPU,3DMark Cloud Gate GPU,3DMark Fire Strike Graphics,3DMark11 P GPU,3DMark06,GFXBench
493,AMD Radeon R4 (Stoney Ridge),GCN 1.2/2.0,192,,,600,,64,,12 (FL 12_0),4.4,4.7,42677,3416,583,956,3886,53.4
494,AMD Radeon R4 (Kaveri),GCN 1.1,192,,533,,,64/128,,12 (FL 12_0),,3.4,26079,3371.5,433.5,611,3179,36.2
495,Intel HD Graphics (Broadwell),Broadwell,12,,100,850,,64/128,,12 (FL 11_1),4.3,4.1,,4015,463,641,5077,47.12
496,Intel HD Graphics 500,Intel Gen. 9 (Apollo Lake),12,,300,700,,64/128,(LP)DDR3(L) / LPDDR4,12 (FL 12_1),4.4,3.3,20317,2851.5,310,433,3573,
498,AMD Radeon R5 (Beema/Carrizo-L),GCN 1.1,128,,,850,,64,,12 (FL 12_0),,4.8,36807,3317,539,764,4956,51
499,AMD Radeon R4 (Beema),GCN 1.1,128,,800,,,64,,12 (FL 12_0),,4.2,29548,3309,497,716,4046,
500,AMD Radeon R2 (Stoney Ridge),GCN 1.2/2.0,128,,,600,,64,,12 (FL 12_0),4.4,4.3,38670,3634,520,747,3809,42.7
501,Intel HD Graphics 4200,Haswell,20,,200,850,,64/128,,11.1,4.0,4.1,41579,3807,431.5,638,3383,37.5
510,AMD Radeon HD 8450G,Terascale 3,192,,533,720,,,,11,4.2,5.1,55358,3168.5,464.5,724,3868,65
514,AMD Radeon HD 8400,GCN,128,,600,,,,,11.1,,3.8,36156,2883,401,614,3532,36
526,AMD Radeon HD 8350G,Terascale 3,128,,514,720,,,,11,4.2,5.3,46807,2942,388,624,5139,
527,AMD Radeon HD 8330,GCN,128,,500,,,,,11.1,,2.9,,2672,351,530,3334.5,37
530,AMD Radeon R3 (Mullins/Beema),GCN 1.1,128,,350,686,,64,,12 (FL 12_0),,3.4,,3049,419.5,620,4010,
548,Intel HD Graphics 405 (Braswell),Intel Gen8,16,,320,700,,64/128,,11.2,,3,23763,2113,254.5,473,2920,41.3
549,Intel HD Graphics (Braswell),Intel Gen8,16,,320,700,,64/128,,11.2,,1.7,,2193,261,395,1311,33
550,Intel HD Graphics 400 (Braswell),Intel Gen8,12,,320,640,,64/128,,11.2,,2.2,20535.5,2181,,382,,31
559,Intel HD Graphics (Haswell),Haswell,10,,200,1000,,64/128,,11.1,,4.2,43493,3278,362.5,484,3357.5,53.5
"Архивные (старые): AMD Radeon HD 6690G2, AMD Radeon HD 6650M (Whistler-PRO), ATI Mobility Radeon HD 5730 (Madison), ATI FirePro M5800 (Madison), NVIDIA NVS 5400M (N13P-NS1), NVIDIA GeForce GT 435M (N11P-GT), AMD Radeon HD 6680G2, NVIDIA Quadro K510M, AMD Radeon HD 6550M (Capilano-PRO), AMD Radeon HD 7590M (Thames XT), NVIDIA GeForce GTS 350M (n11e-ge1), NVIDIA GeForce GTS 250M (N10E-GE), AMD Radeon HD 6630M (Whistler-LP), AMD Radeon HD 7650M (Thames-LP/Pro), AMD FirePro M2000 (Turks GLM), AMD Radeon HD 7570M (Thames-Pro / XT), AMD Radeon HD 7630M (Thames-LP), NVIDIA Quadro FX 1800M, ATI Mobility Radeon HD 5650 (Madison Pro), AMD Radeon HD 8510G (Trinity), AMD Radeon HD 6530M (Capilano-LP), NVIDIA Quadro K500M (N14M-Q1), NVIDIA GeForce GT 625M (N13M-GS), NVIDIA GeForce GT 620M (N13P-GLP / N13M-GS), NVIDIA GeForce GT 525M (N12P-GE), AMD Radeon HD 7640G + HD 7610M Dual Graphics, AMD Radeon HD 7610M (Thames-LE), AMD Radeon HD 7620G (Trinity), AMD Radeon HD 7640G (Trinity), NVIDIA NVS 5200M (N13M-NS), ATI Mobility Radeon HD 565v, AMD Radeon HD 7550M (Thames-LP / Pro), ATI Mobility Radeon HD 4670 (M96-XT), NVIDIA GeForce GT 425M (N11P-GS), NVIDIA GeForce 9700M GTS (NB9E-GS), AMD Radeon HD 6645G2, NVIDIA Quadro FX 2700M (NB9E-GLM2), NVIDIA GeForce GT 335M (N11P-GS1), AMD Radeon HD 7500G + HD 7550M Dual Graphics, AMD Radeon HD 7600G (Trinity), ATI Mobility Radeon HD 3870 (M88-XT), AMD Radeon HD 6620G + HD 7450M Dual Graphics, AMD Radeon HD 6640G2, ATI Mobility Radeon HD 5165, ATI Mobility Radeon HD 560v, ATI Mobility Radeon HD 4650 (M96), NVIDIA GeForce Go 7950 GTX SLI (G71M), NVIDIA GeForce Go 7900 GTX SLI (G71M), NVIDIA GeForce GT 420M (N11P-GE), AMD Radeon HD 7530M (Thames-LP), ATI Mobility Radeon HD 3850 (M88), NVIDIA GeForce GT 330M (N11P-GE1), NVIDIA Quadro FX 880M (N10P-GLM), NVIDIA Quadro NVS 5100M (N10P-NS), NVIDIA GeForce GT 240M (N10P-GS), AMD Radeon HD 7490M (Seymour XTX), AMD Radeon HD 7510M (Thames-LE), NVIDIA GeForce Go 7950 GTX (G71M), NVIDIA Quadro FX 3500M (G71GLM), NVIDIA GeForce 8700M GT SLI (NB8E-SE), NVIDIA GeForce 9700M GT (NB9E-GE), NVIDIA GeForce GT 230M (N10P-GE), ATI Mobility Radeon HD 550v, AMD Radeon HD 6620G (Llano), Intel HD Graphics (Skylake) (Skylake GT1), AMD Radeon HD 6545G2, AMD Radeon HD 6520G + HD 7450M Dual Graphics, AMD Radeon HD 6540G2, AMD Radeon HD 7500G (Trinity), AMD Radeon HD 6480G + HD 7450M Dual Graphics, AMD Radeon HD 6515G2, AMD Radeon HD 7470M (Seymour XT / XTX), AMD Radeon HD 6490M (Seymour XT), AMD Radeon HD 8410G (Trinity), NVIDIA GeForce GT 520MX (N12P-GVR), AMD Radeon HD 7520G (Trinity), NVIDIA GeForce GT 325M (N11P-GV1), NVIDIA GeForce Go 7800 GTX SLI (G70M), NVIDIA GeForce 8600M GT SLI (NB8P-GS), NVIDIA GeForce Go 7900 GS SLI (G71M), NVIDIA GeForce GT 130M (N10P-GE1), NVIDIA NVS 4200M, NVIDIA GeForce Go 7900 GTX (G71M), NVIDIA Quadro FX 2500M (G71glm), NVIDIA GeForce 9650M GS (NB9P-GS1), NVIDIA GeForce 9650M GT (NB9P-GT), NVIDIA GeForce 8700M GT (NB8E-SE), NVIDIA Quadro FX 1700M (NB9P-GLM), NVIDIA Quadro FX 1600M (NB8P-GLM), NVIDIA GeForce Go 7800 GTX (G70M), NVIDIA GeForce Go 7900 GS (G71M), NVIDIA Quadro NVS 320M (G84M), NVIDIA Quadro FX 1500M (G71GLM), NVIDIA GeForce 9600M GT (NB9P-GS), NVIDIA GeForce GT 220M (G96M), NVIDIA Quadro FX 770M (NB9P-GLM), NVIDIA GeForce GT 120M (N10P-GV1), AMD Radeon HD 6510G2, AMD Radeon HD 7450M (Seymour-PRO), NVIDIA GeForce 610M (N13M-GE), NVIDIA GeForce 705M, AMD Radeon HD 6470M (Seymour XT), AMD FirePro M3900 (Seymour XT), NVIDIA GeForce GT 520M (N12P-GP/LV), AMD Radeon HD 7420G (Trinity), ATI Mobility Radeon HD 3670 (M86XT), ATI Mobility FireGL V5725 (M86GL), AMD Radeon HD 6520G (Llano), AMD Radeon HD 8310G (Trinity), NVIDIA GeForce 320M (MCP89), NVIDIA GeForce GT 320M, ATI Mobility Radeon HD 2600 XT (M76-XT), ATI Mobility Radeon X1900 (M59), ATI Mobility Radeon X1800XT (M58, R520), ATI Mobility Radeon X1800 (M58), NVIDIA GeForce Go 6800 Ultra (NV41M), NVIDIA GeForce Go 7800 (G70M), NVIDIA GeForce 9600M GS (NB9P-GE), NVIDIA GeForce 9500M GS (NB9P-GE1), AMD Radeon HD 7400G (Trinity), AMD Radeon HD 6480G (Llano), ATI Mobility Radeon HD 2700 (M76-XT), NVIDIA GeForce GT 415M (N11P-GV), NVIDIA GeForce 410M (N12M-GS), AMD Radeon HD 7370M (Robson XT)",,,,,,,,,,,,,,,,,,
"5. Видеокарты класса Low-End
Эти графические чипы позволяют играть только в старые и не очень требовательные игры. Графические ядра с разделяемой памятью позволяют достичь более длительного времени работы от батареи и меньшего уровня нагрева. Офисные задачи, интернет, обработка (небольших) изображений и просмотр (не HD) видео для них не составляет особого труда.",,,,,,,,,,,,,,,,,,
579,Intel HD Graphics (Cherry Trail),Intel Gen8,16,,200,600,,64/128,,12 (FL 11_1),4.3,2.5,19303,1783.5,225,298,2595,32
581,AMD Radeon HD 8280,GCN,128,,450,,,,,11.1,,1.1,,2515,328,496,,
589,AMD Radeon R6 (Mullins),GCN 1.1,128,,500,,,64,,12 (FL 12_0),,2.9,20511,2258,,,,
Ранг,Модель,Архитектура,Пикс. шейдеры,Вершин. шейдеры,Штатная частота,Turbo,Частота памяти,Шина памяти,Тип,Версия DirectX,OpenGL,"Потенциал, %",3DMark Ice Storm GPU,3DMark Cloud Gate GPU,3DMark Fire Strike Graphics,3DMark11 P GPU,3DMark06,GFXBench
590,AMD Radeon HD 8240,GCN,128,,400,,,,,11.1,,2.3,,2273,292.5,427.5,2636,
591,AMD Radeon HD 8250,GCN,128,,300,400,,,,11.1,,2.2,,1965,253.5,422.5,2570,
595,AMD Radeon R2 (Mullins/Beema/Carrizo-L),GCN 1.1,128,,300,600,,64,,12 (FL 12_0),,2.7,,2650,373,397,3242,36
616,AMD Radeon HD 8210,GCN,128,,300,,,,,11.1,,2.6,26764,1904.5,227,343.5,2177.5,25
620,Intel HD Graphics (Ivy Bridge),Ivy Bridge,6,,350,1100,,64/128,,11.0,,2.3,,2286,285.5,315,2930,27
660,Intel HD Graphics (Bay Trail),Ivy Bridge,4,,311,896,,32/64/128,,11,"4.0, ES 3.0",1.7,14748.5,1228.5,149,185,1867,16
664,AMD Radeon HD 7340,Terascale 2,80,,523,680,,,,11,,2.1,,1908,224,331.5,2466.5,
666,AMD Radeon HD 7310,Terascale 2,80,,500,,,,,11,,1.4,,1593,192,260,1458.5,
668,AMD Radeon HD 8180,GCN,128,,225,,,,,11.1,,1.5,,1493,145,268,1723.5,
684,AMD Radeon HD 7290,Terascale 2,80,,280,400,,,,11,,2,,,,206,1536,
"Архивные (старые): AMD Radeon HD 6370M (Robson XT), ATI Mobility Radeon HD 5470 (Park XT), AMD Radeon HD 6450M (Seymour-PRO), AMD Radeon HD 7430M (Seymour-PRO), ATI Mobility Radeon HD 3650 (M86), ATI Mobility FireGL V5700 (M86-GL), ATI Mobility Radeon HD 5145, ATI Mobility Radeon HD 545v, ATI Mobility Radeon HD 4570 (M92-XT), NVIDIA Quadro FX 570M (G64GLM), ATI Mobility Radeon HD 5450 (Park Pro), NVIDIA GeForce 8600M GT (G84M), ATI Mobility Radeon HD 2600 (M76), Intel HD Graphics 3000 (Sandy Bridge), NVIDIA Quadro FX 380M (n10m-glm), NVIDIA GeForce 310M (N11M-GE1), NVIDIA GeForce G210M (N10M-GS), NVIDIA NVS 3100M (N10M-NS), NVIDIA GeForce 405M, NVIDIA GeForce 315M (N11M-GE), NVIDIA GeForce Go 7600 GT (G73M), NVIDIA GeForce 9500M G (NB9P), NVIDIA GeForce 8600M GS (G84M), NVIDIA NVS 2100M, NVIDIA GeForce Go 7700 (G73M-B1), NVIDIA GeForce Go 6800 (NV42M), NVIDIA Quadro FX Go 1400 (NV41M), ATI Mobility Radeon X800XT (M28Pro), AMD Radeon HD 6430M (Seymour-LP), AMD Radeon HD 6380G (Llano), ATI Mobility Radeon HD 5430 (Park LP), ATI Mobility Radeon HD 540v, ATI Mobility Radeon HD 4550 (M92), Intel HD Graphics 2500 (Ivy Bridge GT1), AMD Radeon HD 7350M (Robson Pro), AMD Radeon HD 6350M (Robson Pro), ATI Mobility Radeon HD 4530 (M92), ATI Mobility Radeon HD 4350 (M92), ATI Mobility Radeon HD 530v (M92), NVIDIA GeForce 305M (n11m-lp1), ATI Mobility Radeon X1700 (M66-P), ATI Mobility FireGL V5250 (M56GL), ATI Mobility Radeon X2500 (M66), NVIDIA GeForce Go 7600 (G73M), NVIDIA Quadro NVS 300M (G72GLM), ATI Mobility Radeon X800 (M28), ATI Mobility Radeon X1600 (M56), ATI Mobility FireGL V5200 (M56GL), ATI Mobility Radeon 9800 (M18), NVIDIA GeForce Go 6600 (NV43M), ATI Mobility Radeon X1450 (M54), ATI Mobility Radeon X700 (M26), ATI Mobility FireGL V5000 (M26GL), NVIDIA GeForce G 110M (N10M-GS1), AMD Radeon HD 6330M (Robson LP), ATI Mobility Radeon HD 4330 (M92-SE), NVIDIA GeForce 8400M GT (G86M), NVIDIA Quadro NVS 140M (G84M), Intel HD Graphics 2000 (Sandy Bridge), NVIDIA GeForce G 107M, NVIDIA GeForce G 105M (N10M-GE1), NVIDIA GeForce G 103M (G98), NVIDIA GeForce 9500M GE (MCP79Mx + NB9M), NVIDIA GeForce G 102M (MCP75), NVIDIA GeForce G 205M (MCP79MX), NVIDIA GeForce 9400M (G) / ION (LE) (MCP79MX), Intel HD Graphics (Sandy Bridge) (Sandy Bridge), VIA Chrome9HD, AMD Radeon HD 6320 (Zacate), AMD Radeon HD 6310 (Zacate), ATI Mobility Radeon HD 3470 Hybrid X2 (M82-XT + RS780M), NVIDIA GeForce 9400M GeForceBoost, ATI Mobility Radeon HD 3470 (M82-XT), NVIDIA GeForce 9300M G (NB9M-GS1), NVIDIA ION 2 (GT218-ION-A3, GT218-ILV-A3), NVIDIA GeForce 9300M GS (NB9M-GS), NVIDIA Quadro FX 370M (NB9M-GLM), NVIDIA Quadro NVS 160M, NVIDIA GeForce 9200M GS (NB9M-GE), ATI Mobility Radeon HD 3450 (M82), ATI Mobility Radeon HD 3430 (M82-SE), ATI Mobility Radeon HD 3410 (M82-MPE), ATI Mobility Radeon HD 2400 XT (M74), ATI Radeon HD 4270 (RS880M), ATI Radeon HD 4250 (RS880M), AMD Radeon HD 6290 (Zacate), ATI Radeon HD 4200 (RV620), Intel Graphics Media Accelerator (GMA) HD Graphics (GMA HD), AMD Radeon HD 6250 (Zacate), NVIDIA Quadro NVS 150M, NVIDIA Quadro FX 360M (NB8M-GLM), ATI Mobility Radeon X1350 (M52), ATI Mobility Radeon X1400 (M54), NVIDIA GeForce 9100M G (MCP77MH MCP79MH), NVIDIA GeForce 8400M GS (G86M), NVIDIA Quadro NVS 135M (G86M), ATI Mobility Radeon HD 2400 (M72), ATI Radeon HD 3200 (RS780M), ATI Radeon HD 4225 (RS880M), ATI Radeon HD 4100, ATI Mobility Radeon HD 3400, ATI Radeon HD 3100 (RS780MC), NVIDIA GeForce 8400M G (G86M), NVIDIA Quadro NVS 130M (G86M), NVIDIA GeForce 8200M G (MCP77MV MCP79MVL), Intel Graphics Media Accelerator (GMA) 4700MHD (Montevina), Intel Graphics Media Accelerator (GMA) 4500MHD (Montevina), Intel Graphics Media Accelerator (GMA) 4500M (GL40), NVIDIA GeForce Go 7400 (G72M), NVIDIA Quadro FX 350M (G72M), NVIDIA Quadro NVS 120M (G72M), NVIDIA GeForce Go 7300 (G72M), NVIDIA Quadro NVS 110M (G72M), ATI Mobility Radeon X600 (M24), ATI Mobility FireGL V3200 (M24GL), ATI Mobility FireGL V3100 (M22GL), ATI Mobility Radeon X2300 (M64), ATI Mobility Radeon HD 2300 (M71), ATI Mobility Radeon 9700 (M11), ATI Mobility FireGL T2e (M11GL), ATI Mobility Radeon X1300 (M52), NVIDIA GeForce4 4200 Go (NV28M), ATI Mobility Radeon 9600 (M10), ATI Mobility FireGL T2 (M10GL), ATI Mobility Radeon 9550 (M12), NVIDIA GeForce Go 7200 (G72M), NVIDIA GeForce Go 6400 (NV44M1), ATI Mobility Radeon X300 (M22), NVIDIA GeForce Go 6250 (NV44M1), NVIDIA GeForce Go 6200 (NV44MV), NVIDIA GeForce FX Go 5700 (NV36M), NVIDIA Quadro FX Go 1000, NVIDIA GeForce FX Go 5600 / 5650 (NV31M), ATI Radeon Xpress X1270 (M690T), ATI Radeon Xpress X1250 (RS690M), ATI Radeon Xpress 1250, ATI Radeon Xpress X1200 (RS690M), Intel Graphics Media Accelerator (GMA) X3100 (Crestline), Intel Graphics Media Accelerator (GMA) 3650 (Cedar Trail), NVIDIA GeForce 7190M, NVIDIA GeForce 7150M (C67), ATI Radeon Xpress 1150 (RS482M), NVIDIA GeForce Go 6150 (C51MV), NVIDIA GeForce Go 6100 (C51MV), NVIDIA GeForce 7000M (C67), Intel Graphics Media Accelerator (GMA) 3600 (Cedar Trail), ATI Mobility Radeon 9200 (M9), ATI Mobility FireGL 9000 (M9GL), NVIDIA GeForce FX Go 5200 (NV31M), ATI Mobility Radeon 9000 (M9), NVIDIA GeForce 4 488 Go (NV17M), NVIDIA GeForce 4 460 Go (NV17M), NVIDIA GeForce 4 440 Go (NV17M), NVIDIA GeForce 4 420 Go (NV17M), Intel Graphics Media Accelerator (GMA) 3150 (Pineview), Intel Graphics Media Accelerator (GMA) 950 (GMA 950), ATI Mobility Radeon 7500 (RV200), ATI Mobility FireGL 7800, Intel Graphics Media Accelerator (GMA) 900 (GMA 900), ATI Radeon Xpress 200M, ATI Radeon Xpress 1100, SIS Mirage 3+ 672MX (SISM672), SIS Mirage 3 671MX (671MX), Intel Graphics Media Accelerator (GMA) 600 (GMA 600), Intel Graphics Media Accelerator (GMA) 500 (GMA 500), NVIDIA GeForce 3 Go, NVIDIA GeForce 2 Go (200 / 100) (NV11), ATI Mobility Radeon 9100 IGP (RS350), ATI Mobility Radeon 9000 IGP (RC350), ATI Mobility Radeon M7 (M7), ATI Mobility Radeon M6 (M6), VIA Chrome9 HC (VN896), Intel Extreme Graphics 2 (Montara), ATI Mobility Radeon 7000 IGP (R100), ATI Radeon IGP 340M, ATI Radeon IGP 320M, VIA S3G UniChrome Pro II (Zoetrope), VIA S3G UniChrome Pro (Zoetrope), VIA Castle Rock (CLE266), SIS Mirage 2 M760 (M760), SIS Mirage M661FX , VIA S3 Graphics ProSavage8, ATI Mobility 128 M3 (M3), Silicon Motion SM502, unknown",,,,,,,,,,,,,,,,,,
Ранг,Модель,Архитектура,Пикс. шейдеры,Вершин. шейдеры,Штатная частота,Turbo,Частота памяти,Шина памяти,Тип,Версия DirectX,OpenGL,"Потенциал, %",3DMark Ice Storm GPU,3DMark Cloud Gate GPU,3DMark Fire Strike Graphics,3DMark11 P GPU,3DMark06,GFXBench
"1. Видеокарты класса High-End
Эти карты обеспечивают наивысший возможный для мобильных компьютеров уровень производительности в 3D. Они вполне способны справиться с современными играми при высоком разрешении и выкрученных на максимум настройках графики. Однако в силу того, что данные видеокарты потребляют очень много энергии, они используются только в больших ноутбуках со слабым временем автономной работы.",,,,,,,,,,,,,,,,,,
3,NVIDIA GeForce GTX 1080 SLI (Laptop),Pascal,5120,,1556,1733,10000,2x 256,GDDR5,12 (FL 12_1),4.5,97.9,,161119,39221,50284,,
5,NVIDIA GeForce GTX 1070 SLI (Laptop),Pascal,4096,,1443,1645,8000,2x 256,GDDR5,12 (FL 12_1),4.5,86.2,,152370,32969,42910,,
7,NVIDIA GeForce GTX 1080 (Laptop),Pascal,2560,,1566,1733,10000,256,GDDR5X,12_1,4.5,73.4,420914,125447,21534,28458,36927,
9,NVIDIA GeForce GTX 1080 Max-Q,Pascal,2560,,1101 - 1290,1278 - 1468,10000,256,GDDR5X,12_1,4.5,70.4,387951,114542,18219,23540,31555,1365
10,NVIDIA GeForce GTX 980 SLI (Laptop),Maxwell,4096,,1126,1228,3500,2x 256,GDDR5,12 (FL 12_1),4.5,77.1,,155238,25453,33169,35639,
11,NVIDIA Quadro P5200,Pascal,2048,,1556,1746,7200,256,GDDR5,12_1,4.5,,,,,,,
13,NVIDIA GeForce GTX 1070 (Laptop),Pascal,2048,,1443,1645,8000,256,GDDR5,12_1,4.5,58.9,337468,100453,17150.5,22468.5,30279,
,,,,,,,,,,,,,,,,,,
14,NVIDIA Quadro P5000,Pascal,2048,,1164,1506,6006,256,GDDR5,12_1,4.5,64,401246,86679,14666,20096,33236,1192.41
16,NVIDIA GeForce GTX 1070 Max-Q,Pascal,2048,,1101 - 1215,1265 - 1379,8000,256,GDDR5,12_1,4.5,54.7,332816,101163,14607,18689,27313.5,
17,NVIDIA Quadro P5000 Max-Q,Pascal,2048,,1101,1366,6006,256,GDDR5,12_1,4.5,,,,,,,
18,NVIDIA GeForce GTX 980M SLI,Maxwell,3072,,1038,1127,5000,2x 256,GDDR5,12 (FL 12_1),4.5,57.2,,124076,18632,22006,26604,
23,NVIDIA GeForce GTX 980 (Laptop),Maxwell,2048,,1126,1228,3500,256,GDDR5,12 (FL 12_1),4.5,53.7,347481,76705,13047,17200.5,32943,
24,NVIDIA Quadro M5500,Maxwell,2048,,1139,1140,6606,256,GDDR5,12 (FL 12_1),4.5,,,,,,,
25,NVIDIA Quadro P4000,Pascal,1792,,1202,,6006,256,GDDR5,12_1,4.5,54.4,369407,53834,12259,15433,29155,1114.39
26,NVIDIA Quadro P4000 Max-Q,Pascal,1792,,1113,1240,6006,256,GDDR5,12_1,4.5,48.1,297918,74933,12312,15837,28211,
28,NVIDIA GeForce GTX 970M SLI,Maxwell,2560,,924,1038,5000,2x 192,GDDR5,12 (FL 12_1),,51.4,256573,96943.5,14759.5,18870,28182.5,
30,NVIDIA Quadro P3000,Pascal,1280,,1088,1215,7008,192,GDDR5,12_1,4.5,46.7,331998,63331.5,9255.5,11633.5,29440,711.6
31,NVIDIA Quadro P3000 Max-Q,Pascal,1280,,1075,1240,7008,192,GDDR5,12_1,4.5,,,,,,,
33,AMD Radeon RX 580 (Laptop),Polaris,2304,,1077,,,,GDDR5,12,,33,,68629,11010,15264,,
Ранг,Модель,Архитектура,Пикс. шейдеры,Вершин. шейдеры,Штатная частота,Turbo,Частота памяти,Шина памяти,Тип,Версия DirectX,OpenGL,"Потенциал, %",3DMark Ice Storm GPU,3DMark Cloud Gate GPU,3DMark Fire Strike Graphics,3DMark11 P GPU,3DMark06,GFXBench
34,NVIDIA GeForce GTX 1060 (Laptop),Pascal,1280,,1506,1708,8000,192,GDDR5,12_1,4.5,45.3,297004,69575,11440.5,14731.5,25661,
35,NVIDIA GeForce GTX 1060 Max-Q,Pascal,1280,,1063 - 1265,1341 - 1480,8000,192,GDDR5,12_1,4.5,38.6,287286,65299.5,10300.5,13177,,
39,AMD Radeon Pro WX 7100,Polaris,2304,,,1243,7000,256,GDDR5,12,Vulkan,,,,,,,
41,AMD Radeon RX 570 (Laptop),Polaris,2048,,,,7000,256,GDDR5,12,Vulkan,,,,,,,
42,AMD Radeon RX 470 (Laptop),Polaris,2048,,926,1206,7000,256,GDDR5,12,Vulkan,,,,,,,
Архивные (старые): AMD Radeon RX 480 (Laptop) (Polaris),,,,,,,,,,,,,,,,,,
"2. Видеокарты среднего диапазона
Эти видеоадаптеры справляются с большинством современных игр и демонстрируют в них более или менее комфортную частоту смены кадров. Однако особенно требовательные детища игровой индустрии придется на них запускать со средней или низкой детализацией. Плюсом таких видеокарт является то, что их можно использовать в не очень больших ноутбуках с приличным временем автономной работы.",,,,,,,,,,,,,,,,,,
43,NVIDIA GeForce GTX 880M SLI,Kepler,3072,,954,,5000,2x 256,GDDR5,12 (FL 11_0),4.3,35.8,,77057,11817,15823,,
47,NVIDIA GeForce GTX 965M SLI,Maxwell,2048,,924,950,5000,2x 128,GDDR5,12 (FL 12_1),,34.9,250259,51182,10207,14428,,
52,NVIDIA GeForce GTX 980M,Maxwell,1536,,1038,1127,5000,256,GDDR5,12 (FL 12_1),4.5,45.5,327632,65241,9677,12517,26811,660
53,NVIDIA Quadro M5000M,Maxwell,1536,,962,1051,5000,256,GDDR5,12_1,4.5,46.1,324161,63738,9227.5,11845,30962,
57,NVIDIA GeForce GTX 1050 Ti (Notebook),Pascal,768,,1493,1620,7000,128,GDDR5,12_1,4.5,40.2,298608,50499,7766,9741,27472,
59,NVIDIA GeForce GTX 970M,Maxwell,1280,,924,1038,5000,192,GDDR5,12 (FL 12_1),4.5,38.6,274626,51247,7463,9877.5,26468,
60,NVIDIA Quadro M4000M,Maxwell,1280,,975,1013,5012,256,GDDR5,12_1,4.5,23.1,,49204,7723,10259,,
65,AMD Radeon R9 M395X,GCN 3,2048,,,909,5460,256,GDDR5,12 (FL 12_0),,19.5,,,7921,,,
66,AMD Radeon R9 M485X,GCN 3,2048,,,,5000,256,GDDR5,12 (FL 12_0),,,,,,,,
67,AMD Radeon R9 M295X,GCN 3,2048,,,850,5448,256,GDDR5,12 (FL 12_0),,34.2,,38132,6590.5,8850.5,35421,393
68,AMD Radeon R9 M390X,GCN 3,2048,,,723,5000,256,GDDR5,12 (FL 12_0),4.3 / Vulkan,,,,,,,
69,NVIDIA Quadro M3000M,Maxwell,1024,,1050,,5000,256,GDDR5,12_1,4.5,31.3,,44602.5,6536.5,8288.5,27320.5,
71,NVIDIA GeForce GTX 1050 (Notebook),Pascal,640,,1354,1493,7000,128,GDDR5,12_1,4.5,36.6,282600,37840,6022.5,7721.5,27132,532.5
72,AMD FirePro W7170M,GCN 3,2048,,723,,5000,256,GDDR5,12 (FL 12_0),4.3 / Vulkan,32.7,,43124,6935,9708,28430,
73,AMD Radeon R9 M395,GCN,1792,,834,,5460,256,GDDR5,12 (FL 12_0),4.3 / Vulkan,19.1,,38490,6819,8656,,
Ранг,Модель,Архитектура,Пикс. шейдеры,Вершин. шейдеры,Штатная частота,Turbo,Частота памяти,Шина памяти,Тип,Версия DirectX,OpenGL,"Потенциал, %",3DMark Ice Storm GPU,3DMark Cloud Gate GPU,3DMark Fire Strike Graphics,3DMark11 P GPU,3DMark06,GFXBench
76,NVIDIA GeForce GTX 880M,Kepler,1536,,954,,5000,256,GDDR5,12 (FL 11_0),4.3,31.6,268706,39891,6101,8578,29036.5,65
81,NVIDIA GeForce GTX 780M,Kepler,1536,,823,,5000,256,GDDR5,11,4.3,26.6,,35965,5244,7776.5,23381.5,
82,NVIDIA Quadro K5100M,Kepler,1536,,771,,3600,256,GDDR5,11,4.3,20.9,2197,31015,4793,6880,24910,
85,AMD Radeon RX 560 (Laptop),Polaris,896,,,,6000,128,GDDR5,12,Vulkan,,,,,,,
86,AMD Radeon Pro WX 4150,Polaris,896,,,1053,7000,128,GDDR5,12,Vulkan,,,,,,,
88,NVIDIA GeForce GTX 965M,Maxwell,1024,,924 / 935,950 / 1151,5000,128,GDDR5,12 (FL 12_1),4.5,33.1,259766,34748,5536,7322,24774,446
89,NVIDIA Quadro M2200,Maxwell,1024,,694,1038,5508,128,GDDR5,12 (FL 11_0),4.5,35.8,289176,37796,5850,7372,28149.5,432
90,NVIDIA GeForce GTX 870M,Kepler,1344,,941,,5000,192,GDDR5,12 (FL 11_0),4.3,26.3,,31322,4694,7156,25112,
91,AMD Radeon R9 M290X,GCN,1280,,850,900,4800,256,GDDR5,12 (FL 11_1),4.3,15.6,,33147,5294,6817,,
97,AMD Radeon RX 460 (Laptop),Polaris,896,,,1180,6000,128,GDDR5,12,Vulkan,17.1,96383,31294,5107.5,7792.5,,
100,AMD FirePro M6100,GCN,768,,1100,,6000,128,GDDR5,12 (FL 12_0),4.3,23.9,,25342,3837,5369,25004,
102,AMD Radeon R9 M390,GCN,1024,,,958,5460,256,GDDR5,12 (FL 11_2),,37.7,,,,6819,25800,
103,AMD Radeon Pro 560,Polaris,1024,,907,,5080,128,GDDR5,12,Vulkan,26.3,198867,23105,3892,5305,24516,283.6
104,AMD Radeon Pro 460,Polaris,1024,,900,,5000,128,GDDR5,12,Vulkan,26.2,,27064,4584,6749,27694,320.9
105,AMD Radeon Pro WX 4130,Polaris,640,,,1053,7000,128,GDDR5,12,Vulkan,,,,,,,
106,NVIDIA GeForce GTX 960M,Maxwell,640,,1096,1202,5000,128,GDDR5,12 (FL 11_0),4.5,29.2,226308,30085.5,4318,5278,23733,
111,NVIDIA Quadro M1200,Maxwell,640,,991,1150,5000,128,GDDR5,12 (FL 11_0),4.5,30.6,240298,27557,4141.5,5310,26109,
112,AMD Radeon RX 550 (Laptop),Polaris,512,,1100,1183,7000,128,GDDR5,12,Vulkan,29.3,239256,27941,4041,5557,23308,
114,NVIDIA GeForce MX150 (Laptop GT 1030),Pascal,384,,1468,1532,6008,64,GDDR5,12_1,4.5,25.2,232351,20470,3569.5,4564,20343,283.9
115,NVIDIA Quadro P500,Pascal,384,,,,6008,64,GDDR5,12_1,4.5,,,,,,,
Ранг,Модель,Архитектура,Пикс. шейдеры,Вершин. шейдеры,Штатная частота,Turbo,Частота памяти,Шина памяти,Тип,Версия DirectX,OpenGL,"Потенциал, %",3DMark Ice Storm GPU,3DMark Cloud Gate GPU,3DMark Fire Strike Graphics,3DMark11 P GPU,3DMark06,GFXBench
116,NVIDIA Quadro M2000M,Maxwell,640,,1038,1197,5000,128,GDDR5,12 (FL 11_0),4.5,24.6,,29795,4157,5143,25604,310.7
117,NVIDIA Quadro K5000M,Kepler,1344,,706,,3000,256,GDDR5,11,4.1,22.2,,23060.5,2797.5,4893,24239,
118,NVIDIA Quadro K4100M,Kepler,1152,,706,,3200,256,GDDR5,11,4.3,23.8,,24685,3654,4957,25559.5,
119,AMD Radeon Pro 555,Polaris,768,,855,,5080,128,GDDR5,12,Vulkan,28.9,217690,22624,3721,5185,26389,
120,AMD Radeon Pro 455,Polaris,768,,855,,5000,128,GDDR5,12,Vulkan,27.2,229045,23434,3759,5388,25873,229
121,NVIDIA GeForce GTX 770M,Kepler,960,,811,,4000,192,GDDR5,11,4.3,21.9,,23513,3347,4889,22486,321
122,AMD Radeon RX 540,Polaris,512,,,1219,6000,128,GDDR5,12,Vulkan,,,,,,,
123,NVIDIA GeForce GTX 860M,Maxwell,640,,1029,,5000,128,GDDR5,12 (FL 11_0),4.4,27.9,215144,27960.5,3904,4902,23220.5,
131,AMD Radeon Pro 450,Polaris,640,,800,,5080,128,GDDR5,12,Vulkan,26.4,200518,21533,3252,4502,24189,
132,NVIDIA GeForce GTX 950M,Maxwell,640,,914 - 993,1124,1800 - 5000,128,DDR3/GDDR5,12 (FL 11_0),4.5,23.9,198867,21500,3175,4384,21645,244.7
133,AMD Radeon R9 M470X,GCN 2,896,,1100,,6000,128,GDDR5,12 FL11_1,4.3,,,,,,,
134,AMD Radeon R9 M385X,GCN,896,,1100,,6000,128,GDDR5,12 FL11_1,4.3,16.7,,22544,3404.5,5514.5,14024,
135,NVIDIA GeForce GTX 850M,Maxwell,640,,876,,2000 - 5000,128,"DDR3, GDDR5",12 (FL 11_0),4.4,17.1,,21873,3085.5,4385.5,16135,
136,NVIDIA Quadro M1000M,Maxwell,512,,993,1072,5000,128,GDDR5,12 (FL 11_0),4.5,22.5,,23422,3497.5,4229.5,24483,
137,NVIDIA Quadro M620,Maxwell,512,,,,5000,128,GDDR5,12 (FL 11_0),4.5,21.2,,23259,3204,3801,24751,232.29
138,AMD Radeon R9 M280X,GCN,896,,900,1000,5500,128,GDDR5,12 (FL 12_0),4.4,15,,23201,3498,4698,11618,
143,NVIDIA GeForce 945M,Maxwell,512,,928,1045,2000,128,DDR3,12 (FL 11_0),4.5,22,193684,19405,2850,3309.5,20209,208.47
144,NVIDIA GeForce GTX 765M,Kepler,768,,850,,4000,128,GDDR5,11,4.3,18.3,,17616,2479,4019,19624,266
148,NVIDIA Quadro K4000M,Kepler,960,,600,,2800,256,GDDR5,11,4.1,18.3,,19058,2199,3466,20518,
149,AMD Radeon RX Vega 10,Vega,640,,,1300,,,,12_1,,,,,,,,
Ранг,Модель,Архитектура,Пикс. шейдеры,Вершин. шейдеры,Штатная частота,Turbo,Частота памяти,Шина памяти,Тип,Версия DirectX,OpenGL,"Потенциал, %",3DMark Ice Storm GPU,3DMark Cloud Gate GPU,3DMark Fire Strike Graphics,3DMark11 P GPU,3DMark06,GFXBench
150,Intel Iris Pro Graphics P580,Intel Gen. 9 (Skylake),72,,350,1100,,eDRAM + 64/128,eDRAM,12 (FL 12_1),4.4,,,,,,,
151,Intel Iris Pro Graphics 580,Intel Gen. 9 (Skylake),72,,350,1050,,eDRAM + 64/128,eDRAM,12 (FL 12_1),4.4,15.1,184880,14594,1903,3220,,
156,AMD Radeon R9 M470,GCN 2,768,,1000,,6000,128,GDDR5,12 FL11_1,4.3,12,,24365,3655,,,
158,AMD Radeon R9 M380,GCN,768,,1000,,6000,128,GDDR5,11.1,4.3,,,,,,,
167,NVIDIA Quadro K3100M,Kepler,768,,706,,3200,256,GDDR5,11,4.3,19.8,,18389,2797,3581,22437.5,
168,AMD FirePro W5170M,GCN,640,,,925,4500,128,GDDR5,12 (FL 12_0),4.3 / Vulkan,9,,19095,2909,4197,,
169,AMD Radeon R9 M370X,GCN 1.0,640,,800,,4500,128,GDDR5,12 (FL 11_1),4.3,20.8,188948,15454.5,2419,3637.5,18481,219.8
172,NVIDIA GeForce GTX 760M,Kepler,768,,657,,4000,128,GDDR5,11,4.3,17,,15900,2271,3369,19221,
173,AMD Radeon R9 M275,GCN,640,,925,,4500,128,GDDR5,12 (FL 11_1),4.2,15,145646,11459,1885,3261,10378,
175,"NVIDIA Maxwell GPU Surface Book (940M, GDDR5)",Maxwell,384,,954,993,5012,64,GDDR5,12 (FL 11_0),4.5,16.1,123411,11380,2075.5,2577,15111,
176,AMD FirePro W5130M,GCN,512,,,925,4000,128,GDDR5,12 (FL 12_0),4.3 / Vulkan,14.4,,14380.5,2110,3106,15680,
182,NVIDIA Quadro K3000M,Kepler,576,,654,,2800,256,GDDR5,11,4.1,22.8,,,,2427,17037.5,
184,AMD FirePro M6000,GCN,640,,750,,4500,128,GDDR5,11.1,4.1,23,,,,2422,17152,
185,AMD FirePro M5100,GCN,640,,725,775,4500,128,GDDR5,12 (FL 11_1),4.3,16.5,,16784.5,2327.5,2967,18391,
186,NVIDIA Quadro K2100M,Kepler,576,,667,,3000,128,GDDR5,11,4.3,13.3,,11835,1606,2393.5,15586,
192,NVIDIA GeForce GT 755M,Kepler,384,,980,,5400,128,GDDR5,11,,14.5,,14966.5,2105.5,2800.5,15861,
194,NVIDIA GeForce 845M,Maxwell,384,,1071,1150,2000 - 5000,64/128,DDR3/GDDR5,12 (FL 11_0),4.4,6.7,,13754,2362,2973,,
197,AMD Radeon R9 M265X,GCN,640,,625,,4000,128,GDDR5,12 (FL 11_1),,13.7,,12510,1997,2633,15426,
199,AMD Radeon R7 M465,GCN,384,,825,960,4000,128,GDDR5,11.1,,5.9,,12250,1740,,,
201,AMD FirePro W4170M,GCN,384,,850,900,4000,128,GDDR5,11.2,,12.3,,12506,1766,2315,13622,
Ранг,Модель,Архитектура,Пикс. шейдеры,Вершин. шейдеры,Штатная частота,Turbo,Частота памяти,Шина памяти,Тип,Версия DirectX,OpenGL,"Потенциал, %",3DMark Ice Storm GPU,3DMark Cloud Gate GPU,3DMark Fire Strike Graphics,3DMark11 P GPU,3DMark06,GFXBench
207,NVIDIA GeForce GT 750M,Kepler,384,,967,,2000 - 5000,128,"DDR3, GDDR5",11,,12.1,,10822,1574,2543,13670,
208,Intel Iris Pro Graphics 6200,Broadwell,48,,300,1150,,eDRAM + 64/128,,12 (FL 11_1),4.3,6.4,,15387.5,1736.5,2766,,
209,NVIDIA Quadro M520,Maxwell,384,,756,1019,,64,GDDR5,12 (FL 11_0),4.5,18.4,166193,13394,2342,2658,17305,178.5
210,NVIDIA GeForce MX130,Maxwell,384,,1122,1242,,64,GDDR5/DDR3,12 (FL 11_0),4.5,6.3,,,,3188,,
211,NVIDIA GeForce 940MX,Maxwell,384,,1122,1242,4000,64,GDDR5/DDR3,12 (FL 11_0),4.5,14.8,143929,11461.5,1960.5,2543,12843,131.1
212,NVIDIA Quadro K1100M,Kepler,384,,705,,2800,128,GDDR5,11,4.3,10.4,,9227.5,1340.5,1826.5,12159,
213,AMD Radeon RX Vega 8,Vega,512,,,1100,,,,12_1,,12,113347,16285,2460,3602,,
214,NVIDIA GeForce 940M,Maxwell,384,,1072,1176,2000,64,DDR3,12 (FL 11_0),4.5,13.2,123311,8818.5,1622,2405.5,11920,127.47
215,NVIDIA GeForce 930MX,Maxwell,384,,952,1020,2000,64,GDDR5/DDR3,12 (FL 11_0),4.5,10.4,,9056,1573,2197,12183,124.1
216,AMD FirePro W4190M,GCN,384,,825,900,4000,128,GDDR5,11.2,,11.9,,12317,1745,2351,12929,
"Архивные (старые): NVIDIA GeForce GTX 780M SLI (N14E-GTX), AMD Radeon RX 490M (Polaris), AMD Radeon R9 M290X Crossfire (Neptune CF), AMD Radeon HD 8970M Crossfire (Neptune CF), NVIDIA GeForce GTX 680M SLI (N13E-GTX), AMD Radeon HD 7970M Crossfire (Wimbledon XT), NVIDIA GeForce GTX 860M SLI, NVIDIA GeForce GTX 770M SLI, NVIDIA GeForce GTX 680MX, AMD Radeon HD 8970M (Neptune), NVIDIA GeForce GTX 675M SLI (N12E-GTX2), NVIDIA GeForce GTX 765M SLI, NVIDIA GeForce GTX 680M (N13E-GTX), NVIDIA GeForce GTX 775M (N13E-GTX-A2), AMD Radeon HD 7970M (Wimbledon XT), NVIDIA GeForce GTX 670MX SLI (N13E-GR), NVIDIA GeForce GTX 580M SLI (N12E-GTX2), AMD Radeon HD 6990M Crossfire (Blackcomb XTX), NVIDIA GeForce GT 755M SLI (N14P-), NVIDIA GeForce GTX 485M SLI (N11E-GTX-A1), AMD Radeon HD 6970M Crossfire (Blackcomb XT), NVIDIA GeForce GTX 675MX (N13E-GSR), NVIDIA GeForce GT 750M SLI (N14P-GT), AMD Radeon HD 7950M (Wimbledon Pro), NVIDIA GeForce GTX 470M SLI (N11E-GT), NVIDIA GeForce GTX 480M SLI (N11E-GTX-A3), NVIDIA GeForce GTX 560M SLI (N12E-GS), NVIDIA GeForce GTX 675M (N13E-GS1), NVIDIA GeForce GTX 580M (N12E-GTX2), AMD Radeon HD 6990M (Blackcomb XTX), AMD Radeon R9 M385, NVIDIA GeForce GT 650M SLI (N13E-GE), NVIDIA GeForce GTX 460M SLI (N11E-GS), ATI Mobility Radeon HD 5870 Crossfire (Broadway-XT), NVIDIA GeForce GTX 485M (N12E-GTX-A1), NVIDIA GeForce GTX 285M SLI (N10E-GTX), NVIDIA GeForce GTX 670MX (N13E-GR), NVIDIA Quadro 5010M (N12E-Q5), NVIDIA GeForce GTX 670M (N13E-GS1-LP), AMD FirePro M8900 (Blackcomb XT), AMD Radeon HD 6970M (Blackcomb XT), AMD Radeon R9 M270, AMD Radeon HD 8870M, AMD Radeon HD 7870M (Heathrow XT), NVIDIA GeForce GTX 570M (N12E-GT), NVIDIA GeForce GTX 280M SLI (N10E-GTX), AMD Radeon HD 6950M (Blackcomb Pro), NVIDIA GeForce GTX 660M (N13E-GE), AMD Radeon HD 8850M, AMD Radeon R9 M365X, AMD Radeon HD 7850M (Heathrow Pro), AMD Radeon HD 8790M (Mars XTX), ATI Mobility Radeon HD 4870 X2 (M98-XT), NVIDIA Quadro 4000M (Fermi), NVIDIA GeForce GTX 470M (N11E-GT), NVIDIA GeForce GTX 480M (N11E-GTX-A3)",,,,,,,,,,,,,,,,,,
"3. Видеокарты нижне-среднего диапазона
Эти видеокарты класса low-end предназначены для бережливых пользователей, которые, тем не менее, не прочь поиграть в игры. Они позволяют делать это при низкой детализации и среднем разрешении. Сравнительно низкое энергопотребление (современных представителей этого класса) обеспечивает неплохое время автономной работы соответствующих ноутбуков.",,,,,,,,,,,,,,,,,,
217,AMD Radeon R9 M375,GCN,640,,1015,,2200,128,DDR3,12 (FL 11_1),4.3,10.9,,8466,1667,3314,11543,
218,AMD Radeon R7 M445,GCN,320,,920,,2000,64,GDDR5,12,4.5,14.5,126481,9617,1579,2208,12657,
220,AMD Radeon R7 M370,GCN,384,,875,,3600,128,GDDR5,12,4.4,13.1,118746,10364,1760,2524,12983,80.7
221,NVIDIA Quadro M600M,Maxwell,384,,837,876,5012,128,GDDR5,12 (FL 11_0),4.5,18.1,,18491,2430,2911,20563,
224,NVIDIA GeForce 840M,Maxwell,384,,1029,,2000,64,DDR3,12 (FL 11_0),4.5,11.3,119888,8723.5,1573,2338,10332,41
225,AMD Radeon R7 M275DX,GCN,896,,,,,,DDR3,12,,12.5,86346,11160,1931.5,3553,12122,112
226,NVIDIA GeForce GT 745M,Kepler,384,,837,,1800,128,"DDR3, GDDR5",11,,11.7,,10147,1531,2249,13462.5,
229,AMD Radeon R7 (Bristol Ridge),GCN 1.2/2.0,512,,,900,,64/128,,12 (FL 12_0),4.4,7.2,52245.5,5294.5,1013,1852,6644.5,90
231,Intel Iris Pro Graphics 5200,Haswell,40,,200,1300,,eDRAM + 64/128,eDRAM,11.1,4.0,13.4,110085,11930,1380.5,1923,13123,136
233,NVIDIA GeForce GT 740M,Kepler,384,,810,980,1600 - 1800,64/128,DDR3,11,4.3,8.5,,7403,1150.5,1848,9700,112
Ранг,Модель,Архитектура,Пикс. шейдеры,Вершин. шейдеры,Штатная частота,Turbo,Частота памяти,Шина памяти,Тип,Версия DirectX,OpenGL,"Потенциал, %",3DMark Ice Storm GPU,3DMark Cloud Gate GPU,3DMark Fire Strike Graphics,3DMark11 P GPU,3DMark06,GFXBench
234,AMD Radeon 530,GCN,384,,1024,,2250,64,DDR3/GDDR5,12,4.5,10.4,89027,6321.5,1294.5,2323.5,9517,113.8
235,NVIDIA GeForce 930M,Maxwell,384,,928,941,1800,64,DDR3,12 (FL 11_0),4.5,9.9,,8309,1460.5,2153,11760,114.2
236,Intel Iris Plus Graphics 650,Intel Gen. 9.5 (Kaby Lake),48,,300,1100,,64/128,DDR3/DDR4,12 (FL 12_1),4.4,17.9,161538,13153,1698,2761.5,15175,
237,Intel Iris Graphics 550,Intel Gen. 9 (Skylake),48,,300,1100,,64/128,DDR3/DDR4,12 (FL 12_1),4.4,16.5,139193,12812,1520,2524,15266,205.6
238,NVIDIA GeForce 830M,Maxwell,256,,1029,1150,1800,64,DDR3,12 (FL 11_0),4.4,9.2,,8104.5,1386.5,1961,10222.5,
239,NVIDIA GeForce MX110,Maxwell,256,,965,993,1800,64,GDDR5/DDR3,12,4.5,,,,,,,
240,NVIDIA GeForce 920MX,Maxwell,256,,965,993,1800,64,GDDR5/DDR3,12,4.5,11.1,98596,7733,1282,1791,10781,103.1
243,Intel Iris Plus Graphics 640,Intel Gen. 9.5 (Kaby Lake),48,,300,1050,,64/128,DDR3/DDR4,12 (FL 12_1),4.4,15.6,145481,11248,1393.5,2379,14117.5,171
244,Intel Iris Graphics 540,Intel Gen. 9 (Skylake),48,,300,1050,,64/128,DDR3/DDR4,12 (FL 12_1),4.4,14.8,126078,11327,1448,2211.5,13568.5,183
245,NVIDIA Quadro M500M,Maxwell,384,,1029,1124,4004,64,DDR3,12 (FL 11_0),4.5,13.5,126522,8348,1594.5,2364.5,12377.5,129.5
246,NVIDIA Quadro K2000M,Kepler,384,,745,,1800,128,DDR3,11,4.1,10.1,,8766,1046,1798,11991,
249,NVIDIA GeForce GT 735M,Kepler,384,,575,889,1800 - 2000,64,DDR3,11,,7.6,,6757,1023.5,1713,8527,
251,NVIDIA GeForce 825M,Kepler,384,,850,,1800,64,DDR3,12 (FL 11_0),4.3,8.3,,7416,1150,1756.5,9290,
253,AMD FirePro M4000,GCN,512,,600,,4500,128,GDDR5,11,4.1,12.3,,12587,1713,1981,13930.5,
260,AMD Radeon R7 M260X,GCN,384,,715,,4000,128,GDDR5,12 (FL 11_1),4.3,12,98071,9034,1396,1903,11820,129.1
263,NVIDIA GeForce GT 730M,Kepler,384,,725,,1800 - 2000,64/128,DDR3,11,,9.6,86656,7152,1061,1722,10333,48
266,AMD FirePro M4100,GCN,384,,670,,4000,128,GDDR5,12 (FL 11_1),4.3,7.9,,6297,857,1728,9320,
269,AMD Radeon R7 M270,GCN,384,,825,,1800 - 2000,128,DDR3,12 (FL 11_1),4.3,8.7,,6364.5,1258,1857.5,9791.5,124.83
270,AMD Radeon R7 M265,GCN,384,,825,980,1800 - 2000,64/128,DDR3,12 (FL 11_1),4.3,8.4,,8401.5,1336,1882,8876,
274,NVIDIA GeForce GT 640M,Kepler,384,,625,645,1800 - 4000,128,"DDR3, GDDR5",11,,11,80836,9024,1225,1728,10625.5,
Ранг,Модель,Архитектура,Пикс. шейдеры,Вершин. шейдеры,Штатная частота,Turbo,Частота памяти,Шина памяти,Тип,Версия DirectX,OpenGL,"Потенциал, %",3DMark Ice Storm GPU,3DMark Cloud Gate GPU,3DMark Fire Strike Graphics,3DMark11 P GPU,3DMark06,GFXBench
275,AMD Radeon R7 (Kaveri),GCN 1.1,512,,553,686,,64/128,,12 (FL 12_0),,7.1,,6544,851,1734,7921.5,
276,AMD Radeon R8 M365DX,GCN,768,,720 / 1125,,800 / 1000,128 + 64,DDR3,12,4.3,10.2,67635.5,11291,1902,2862.5,8708.5,111.31
277,AMD Radeon R7 M460,GCN,384,,984,,2000,64,,12,4.3,10.3,105142,6081,1177,2139,8587,101.4
280,AMD Radeon R7 M360,GCN 2.0,384,,1125,,2000,64,DDR3,12,4.3,9.4,82837,5746,1146,2029,8273.5,111.16
282,AMD Radeon R7 (Carrizo),GCN 1.2/2.0,512,,,800,,64/128,,12 (FL 12_0),4.4,7.8,61071,7431,1137,1792,6528,90.95
283,NVIDIA GeForce 920M,Kepler,384,,954,,1800,64,DDR3,12 (FL 11_0),4.5,9.9,90619,7242,1161.5,1718.5,9003.5,98.35
286,AMD Radeon R8 M445DX,GCN,704,,720 / 1020,,933 / 1000,128 + 64,DDR4/DDR3,12,4.4,10.9,71829,12377,2209,3775,8880.5,107.8
287,AMD Radeon R7 M440,GCN 1.0,320,,1021,,2000,64,DDR3,12,,9.9,87170.5,6040,1197.5,2245,8800,112.1
293,AMD Radeon R7 M340,GCN,320,,1021,,2000,64,DDR3,12,4.3,9.3,69098,6153,1208.5,2148,8982,109.3
294,AMD Radeon 520,GCN 1.0,320,,1030,,2250,64,DDR3/GDDR5,12,4.5,8.5,77543,6156,1022,1877,6492,114.1
295,AMD Radeon R6 M340DX,GCN,704,,,,,,DDR3,12,4.3,7.6,59574,8935,1472,2681,5388,72.6
296,Intel UHD Graphics 630,Intel Gen. 9.5,24,,300,1150,,64/128,,12 (FL 12_1),4.4,13.9,104913,10114,1325,1860,13895,
297,Intel HD Graphics 630,Intel Gen. 9.5 (Kaby Lake),24,,300,1150,,64/128,,12 (FL 12_1),4.4,11.5,90780,9264.5,1018,1665,11452.5,139.8
298,Intel HD Graphics P630,Intel Gen. 9.5 (Kaby Lake),24,,,,,64/128,,12 (FL 12_1),4.4,,,,,,,
299,Intel HD Graphics 530,Intel Gen. 9 (Skylake),24,,350,1150,,64/128,,12 (FL 12_1),4.4,10.9,80241.5,7500,935,1362,11309,
300,Intel HD Graphics P530,Intel Gen. 9 (Skylake),24,,350,1050,,64/128,DDR3/DDR4,12 (FL 12_1),4.4,,,,,,,
302,AMD Radeon R7 M260,GCN,384,,715,980,1800 - 2000,64/128,DDR3,12 (FL 11_1),4.3,7.1,,5603,1067,1897,7810,
303,AMD Radeon R5 (Bristol Ridge),GCN 1.2/2.0,384,,,800,,64/128,,12 (FL 12_0),4.4,8.4,61313,8822,1337,1701.5,7202,107
304,AMD Radeon R5 (Stoney Ridge),GCN 1.2/2.0,192,,,800,,64,,12 (FL 12_0),4.4,5.8,49180,4208,707,1190,5141,67.8
305,Intel UHD Graphics 620,Intel Gen. 9.5 (Kaby Lake Refresh),24,,300,1150,,64/128,DDR3/DDR4,12 (FL 12_1),4.4,11.5,92117.5,9424,1132,1657,11356.5,135
Ранг,Модель,Архитектура,Пикс. шейдеры,Вершин. шейдеры,Штатная частота,Turbo,Частота памяти,Шина памяти,Тип,Версия DirectX,OpenGL,"Потенциал, %",3DMark Ice Storm GPU,3DMark Cloud Gate GPU,3DMark Fire Strike Graphics,3DMark11 P GPU,3DMark06,GFXBench
306,Intel HD Graphics 620,Intel Gen. 9.5 (Kaby Lake),24,,300,1050,,64/128,DDR3/DDR4,12 (FL 12_1),4.4,9.5,77857.5,7636,916,1500,8449,
307,AMD Radeon R6 (Carrizo),GCN 1.2/2.0,384,,,800,,64/128,,12 (FL 12_0),4.4,7.1,53702.5,4717,909,1437.5,6896,88.4
319,AMD Radeon R6 (Kaveri),GCN 1.1,384,,533,654,,64/128,,12 (FL 12_0),,5.6,,5336,770.5,1184,5989,85
338,Intel HD Graphics 5600,Broadwell,24,,300,1050,,64/128,,12 (FL 11_1),4.3,3.3,,7757,991,1431,,
345,AMD Radeon R6 M255DX,GCN,576,,855 / 514,,,,DDR3,12,,4.3,,7172,1114.5,2198,,77
348,NVIDIA Quadro K1000M,Kepler,192,,850,,1800,128,DDR3,11.1,4.1,11.1,,,,1102,8340.5,
364,AMD Radeon HD 8650G,Terascale 3,384,,533,720,,,,11,4.2,8,71794,6453,905,1433,6732.5,100
372,AMD Radeon R5 M335,GCN 1.0,320,,1070,,2200,64,DDR3,12,4.3,7.3,70485,4590,911,1784,5921,73.1
373,AMD Radeon R5 M330,GCN 1.0,320,,1030,,2000,64,DDR3,12,4.3,5.7,,4897,922,1689,5972,
374,AMD Radeon R5 M430,GCN,320,,955,,1746,64,DDR3,12 (11_1),4.3,6,,5493,1004,1689,6246,77
375,AMD Radeon R5 M255,GCN,320,,940,,1800 - 2000,64,DDR3,12,4.3,7.8,,6012.5,1080.5,1779,8935,
377,NVIDIA GeForce 910M,Kepler,384,,641,,2000,64,DDR3,12 (FL 11_0),,6.8,42738,6636,1022,1413,6741,78.7
378,NVIDIA GeForce 820M,Fermi,96,,775,,1800,64,DDR3,12 (FL 11_0),,6.6,,6073.5,897,1266.5,7518,
379,Intel HD Graphics 520,Intel Gen. 9 (Skylake),24,,300,1050,,64/128,DDR3/DDR4,12 (FL 12_1),4.4,8.7,75601,6731,804,1299,8656,87.15
380,Intel Iris Graphics 6100,Broadwell,48,,300,1100,,64/128,,12 (FL 11_1),4.3,9.7,89341,7798,874,1694.5,8764,102.1
381,NVIDIA GeForce GT 720M,Fermi,96,,625,938,1800 - 2000,64,DDR3,11,,7.2,59694,5426,822,1213,7896,50
383,AMD Radeon R5 M240,GCN,320,,1030,,1800,64,DDR3,11.2,,5.6,,5500,949,1588,5698,
384,AMD Radeon R5 M320,GCN 2.0,320,,855,,2000,64,DDR3,12,4.3,,,,,,,
385,AMD Radeon R5 M230,GCN,320,,855,,1800 - 2000,64,DDR3,12,4.3,4.9,,4814,771,1175,5145,
386,AMD Radeon R5 M315,GCN,320,,970,,1800,64,DDR3,12,4.3,2.7,,5040,920,,,
Ранг,Модель,Архитектура,Пикс. шейдеры,Вершин. шейдеры,Штатная частота,Turbo,Частота памяти,Шина памяти,Тип,Версия DirectX,OpenGL,"Потенциал, %",3DMark Ice Storm GPU,3DMark Cloud Gate GPU,3DMark Fire Strike Graphics,3DMark11 P GPU,3DMark06,GFXBench
392,Intel HD Graphics 6000,Broadwell,48,,300,1000,,64/128,,12 (FL 11_1),4.3,7.3,,7660,951,1395.5,8091,
393,NVIDIA Quadro K610M,Kepler,192,,954,,2600,64,GDDR5,11,4.3,6.8,,5837.5,755.5,1143.5,8157,
395,Intel Iris Graphics 5100,Haswell,40,,200,1200,,64/128,,11.1,4.0,7.9,71489,6943.5,878.5,1151,6928.5,83.5
"Архивные (старые): AMD Radeon R7 M380, NVIDIA GeForce GT 650M (N13E-GE), NVIDIA Quadro K620M, AMD Radeon HD 7770M (Chelsea XT), NVIDIA GeForce GTX 560M (N12E-GS), NVIDIA GeForce GTX 260M SLI (NB9E-GTX), ATI Mobility Radeon HD 5870 (Broadway-XT), NVIDIA Quadro 5000M (Fermi), ATI FirePro M7820, AMD Radeon HD 6870M (Granville-PRO), NVIDIA GeForce 9800M GTX SLI (NB9E-GTX), AMD Radeon HD 8830M, AMD Radeon HD 8770M, NVIDIA GeForce GTX 460M (N11E-GS), AMD Radeon HD 8550G + HD 8750M Dual Graphics, NVIDIA GeForce GT 645M (N13P-GS), AMD Radeon HD 7750M (Lombok XL), AMD Radeon HD 8750M (Mars Pro), NVIDIA Quadro 3000M (Fermi), NVIDIA Quadro FX 3800M (N10E-GLM4), NVIDIA GeForce GTX 285M (N10E-GTX1), ATI Mobility Radeon HD 4870 (M98-XT), AMD Radeon HD 7730M (Lombok GL), NVIDIA GeForce GTX 280M (N10E-GTX), NVIDIA GeForce 9800M GT SLI (NB9E-GT2), AMD Radeon HD 8690M, NVIDIA GeForce 9800M GTS SLI (NB9E-GT), ATI Mobility Radeon HD 3870 X2 (M88-XT CF), NVIDIA GeForce 8800M GTX SLI (NB8E-GTX), ATI Mobility Radeon HD 3850 X2 (M88 CF), NVIDIA Quadro FX 3700M (NB9E-GLM3), ATI Mobility Radeon HD 4860 (M97-XT), ATI FirePro M7740 (RV740), ATI Mobility Radeon HD 4850 (M98), NVIDIA GeForce GTX 260M (N10E-GT), NVIDIA GeForce 9800M GTX (NB9E-GTX), NVIDIA Quadro FX 2800M (NB10-GLM3), AMD Radeon HD 6775G2, AMD Radeon HD 7690M XT (Thames XTX), AMD FirePro M5950 (Whistler-XT), NVIDIA GeForce GT 640M LE (N13P-LP), AMD Radeon HD 8650M, AMD Radeon HD 8730M, AMD Radeon HD 6770M (Whistler-XT), NVIDIA GeForce GT 635M (N13E-GE2), NVIDIA GeForce GT 555M (N12E-GE-B), ATI Mobility Radeon HD 5850 (Broadway-PRO), AMD Radeon HD 6850M (Granville Pro/LP), NVIDIA Quadro 2000M (Fermi), NVIDIA GeForce 9800M GT (NB9E-GT2), NVIDIA GeForce 8800M GTX (NB8E-GTX), NVIDIA Quadro FX 3600M (NB8E-GLM), NVIDIA GeForce GT 445M (N11E-GE), NVIDIA GeForce GTS 360M (N11E-GS1), AMD Radeon HD 6755G2, AMD Radeon HD 7690M (Thames XT / XTX), AMD Radeon HD 8650G + HD 8670M Dual Graphics, AMD Radeon HD 8650G + HD 8570M Dual Graphics, AMD Radeon HD 7660G + HD 7670M Dual Graphics, AMD Radeon HD 8550G + HD 8670M Dual Graphics, AMD Radeon HD 8670M, AMD Radeon HD 6750M (Whistler-PRO), NVIDIA GeForce GT 550M (N12P-GT), AMD Radeon HD 8590M, NVIDIA GeForce GTS 260M (N10E-GS), NVIDIA GeForce GTS 160M (N10E-GS1), NVIDIA GeForce 9800M GTS (NB9E-GT), AMD Radeon HD 6830M (Granville-LP), ATI Mobility Radeon HD 5830 (Broadway), AMD Radeon HD 6760G2, AMD Radeon HD 6740G2, AMD Radeon HD 6730M (Whistler-XT), NVIDIA GeForce 9800M GS (NB9E-GS1), ATI Mobility Radeon HD 4830 (M97), ATI Mobility Radeon HD 5770 (Madison-XT), AMD Radeon HD 6570M (Capilano), AMD Radeon HD 7640G + HD 7670M Dual Graphics, AMD Radeon HD 6620G + HD 7670M Dual Graphics, AMD Radeon HD 7520G + HD 7670M Dual Graphics, AMD Radeon HD 7670M (Thames XT), NVIDIA GeForce GT 630M (N13P-GL/GL2), NVIDIA GeForce GTS 150M (N10E-GE1), NVIDIA Quadro 1000M (Fermi), NVIDIA GeForce 8800M GTS (NB8E-GT), ATI Mobility Radeon HD 5750 (Madison-XT), AMD Radeon HD 6720G2, AMD Radeon HD 8450G + Radeon HD 8570M Dual Graphics, AMD Radeon HD 8570M, AMD Radeon HD 8550M, NVIDIA GeForce GT 540M (N12P-GS)",,,,,,,,,,,,,,,,,,
"4. Видеокарты, слабо подходящие для игр
Они позволяют запускать некоторые нетребовательные современные игры. Впрочем, производительности данных видеокарт более чем достаточно для обычных офисных задач и просмотра HD-видео. Плюсом интегрированных видеокарт обычно является наибольшее достижимое время автономной работы использующих их ноутбуков.",,,,,,,,,,,,,,,,,,
397,AMD Radeon HD 8610G,Terascale 3,384,,533,626,,,,11,4.2,3.3,,2749,475,889,3538,
400,Intel HD Graphics 4600,Haswell,20,,200,1350,,64/128,,11.1,4.0,6.6,42242.5,5613,635.5,910.5,7362,78
402,Intel HD Graphics 5500,Broadwell,24,,300,950,,64/128,,12 (FL 11_1),4.3,7,58776,5544,663,979,6998,70.9
407,Intel HD Graphics 615,Intel Gen. 9 (Kaby Lake),24,,300,1050,,64/128,DDR3L/LPDDR3,12 (FL 12_1),4.4,8.5,71510.5,6360,853,1227,7654,
408,AMD Radeon R5 (Carrizo),GCN 1.2/2.0,256,,,800,,64/128,,12 (FL 12_0),4.4,3.1,,5804,1001,1711,,
409,AMD Radeon R5 (Kaveri),GCN 1.1,256,,514,626,,64/128,,12 (FL 12_0),,4,,3959,572,901,4317,
412,NVIDIA GeForce 710M,Fermi,96,,775,800,1800,64,DDR3,11,,6.6,,5323,768.5,1106.5,7993,
413,AMD Radeon HD 7660G,Terascale 3,384,,497,686,,,,11,4.2,9,65558,6408.5,,1057,7317,93
416,Intel HD Graphics 5000,Haswell,40,,200,1100,,64/128,,11.1,4.0,6.9,65904,5693.5,715.5,1033.5,5940,72.5
432,AMD Radeon HD 8550G,Terascale 3,256,,515,720,,,,11,4.2,7.8,67801,6107,792,1179,7314,87
448,Intel HD Graphics 515,Intel Gen. 9 (Skylake),24,,300,1000,,64/128,DDR3L/LPDDR3,12 (FL 12_1),4.4,6.7,56787,5510,697,1011,6446,73.2
449,Intel HD Graphics 4400,Haswell,20,,200,1100,,64/128,,11.1,4.0,5.1,37082,4953,569,735.5,5164,60.5
450,Intel HD Graphics 610,Intel Gen. 9 (Kaby-Lake),12,,300,950,,64/128,DDR3/DDR4,12 (FL 12_1),4.4,6.3,43596,5495,622,842,6869,72.4
451,Intel HD Graphics 510,Intel Gen. 9 (Skylake),12,,300,950,,64/128,DDR3/DDR4,12 (FL 12_1),4.4,7.1,43274,5664,621,847,7253,121.9
480,Intel HD Graphics 5300,Broadwell,24,,100,900,,64/128,,12 (FL 11_1),4.3,5.5,59555,3720,439,647,4775,55
481,Intel HD Graphics 505,Intel Gen. 9 (Apollo Lake),18,,300,750,,64/128,(LP)DDR3(L) / LPDDR4,12 (FL 12_1),4.4,4,31823,3598,482,651,3721,47.2
490,Intel HD Graphics 4000,Ivy Bridge,16,,350,1350,,64/128,,11,3.1,4.6,44323.5,3768.5,480,523,4412.5,39
Ранг,Модель,Архитектура,Пикс. шейдеры,Вершин. шейдеры,Штатная частота,Turbo,Частота памяти,Шина памяти,Тип,Версия DirectX,OpenGL,"Потенциал, %",3DMark Ice Storm GPU,3DMark Cloud Gate GPU,3DMark Fire Strike Graphics,3DMark11 P GPU,3DMark06,GFXBench
493,AMD Radeon R4 (Stoney Ridge),GCN 1.2/2.0,192,,,600,,64,,12 (FL 12_0),4.4,4.7,42677,3416,583,956,3886,53.4
494,AMD Radeon R4 (Kaveri),GCN 1.1,192,,533,,,64/128,,12 (FL 12_0),,3.4,26079,3371.5,433.5,611,3179,36.2
495,Intel HD Graphics (Broadwell),Broadwell,12,,100,850,,64/128,,12 (FL 11_1),4.3,4.1,,4015,463,641,5077,47.12
496,Intel HD Graphics 500,Intel Gen. 9 (Apollo Lake),12,,300,700,,64/128,(LP)DDR3(L) / LPDDR4,12 (FL 12_1),4.4,3.3,20317,2851.5,310,433,3573,
498,AMD Radeon R5 (Beema/Carrizo-L),GCN 1.1,128,,,850,,64,,12 (FL 12_0),,4.8,36807,3317,539,764,4956,51
499,AMD Radeon R4 (Beema),GCN 1.1,128,,800,,,64,,12 (FL 12_0),,4.2,29548,3309,497,716,4046,
500,AMD Radeon R2 (Stoney Ridge),GCN 1.2/2.0,128,,,600,,64,,12 (FL 12_0),4.4,4.3,38670,3634,520,747,3809,42.7
501,Intel HD Graphics 4200,Haswell,20,,200,850,,64/128,,11.1,4.0,4.1,41579,3807,431.5,638,3383,37.5
510,AMD Radeon HD 8450G,Terascale 3,192,,533,720,,,,11,4.2,5.1,55358,3168.5,464.5,724,3868,65
514,AMD Radeon HD 8400,GCN,128,,600,,,,,11.1,,3.8,36156,2883,401,614,3532,36
526,AMD Radeon HD 8350G,Terascale 3,128,,514,720,,,,11,4.2,5.3,46807,2942,388,624,5139,
527,AMD Radeon HD 8330,GCN,128,,500,,,,,11.1,,2.9,,2672,351,530,3334.5,37
530,AMD Radeon R3 (Mullins/Beema),GCN 1.1,128,,350,686,,64,,12 (FL 12_0),,3.4,,3049,419.5,620,4010,
548,Intel HD Graphics 405 (Braswell),Intel Gen8,16,,320,700,,64/128,,11.2,,3,23763,2113,254.5,473,2920,41.3
549,Intel HD Graphics (Braswell),Intel Gen8,16,,320,700,,64/128,,11.2,,1.7,,2193,261,395,1311,33
550,Intel HD Graphics 400 (Braswell),Intel Gen8,12,,320,640,,64/128,,11.2,,2.2,20535.5,2181,,382,,31
559,Intel HD Graphics (Haswell),Haswell,10,,200,1000,,64/128,,11.1,,4.2,43493,3278,362.5,484,3357.5,53.5
"Архивные (старые): AMD Radeon HD 6690G2, AMD Radeon HD 6650M (Whistler-PRO), ATI Mobility Radeon HD 5730 (Madison), ATI FirePro M5800 (Madison), NVIDIA NVS 5400M (N13P-NS1), NVIDIA GeForce GT 435M (N11P-GT), AMD Radeon HD 6680G2, NVIDIA Quadro K510M, AMD Radeon HD 6550M (Capilano-PRO), AMD Radeon HD 7590M (Thames XT), NVIDIA GeForce GTS 350M (n11e-ge1), NVIDIA GeForce GTS 250M (N10E-GE), AMD Radeon HD 6630M (Whistler-LP), AMD Radeon HD 7650M (Thames-LP/Pro), AMD FirePro M2000 (Turks GLM), AMD Radeon HD 7570M (Thames-Pro / XT), AMD Radeon HD 7630M (Thames-LP), NVIDIA Quadro FX 1800M, ATI Mobility Radeon HD 5650 (Madison Pro), AMD Radeon HD 8510G (Trinity), AMD Radeon HD 6530M (Capilano-LP), NVIDIA Quadro K500M (N14M-Q1), NVIDIA GeForce GT 625M (N13M-GS), NVIDIA GeForce GT 620M (N13P-GLP / N13M-GS), NVIDIA GeForce GT 525M (N12P-GE), AMD Radeon HD 7640G + HD 7610M Dual Graphics, AMD Radeon HD 7610M (Thames-LE), AMD Radeon HD 7620G (Trinity), AMD Radeon HD 7640G (Trinity), NVIDIA NVS 5200M (N13M-NS), ATI Mobility Radeon HD 565v, AMD Radeon HD 7550M (Thames-LP / Pro), ATI Mobility Radeon HD 4670 (M96-XT), NVIDIA GeForce GT 425M (N11P-GS), NVIDIA GeForce 9700M GTS (NB9E-GS), AMD Radeon HD 6645G2, NVIDIA Quadro FX 2700M (NB9E-GLM2), NVIDIA GeForce GT 335M (N11P-GS1), AMD Radeon HD 7500G + HD 7550M Dual Graphics, AMD Radeon HD 7600G (Trinity), ATI Mobility Radeon HD 3870 (M88-XT), AMD Radeon HD 6620G + HD 7450M Dual Graphics, AMD Radeon HD 6640G2, ATI Mobility Radeon HD 5165, ATI Mobility Radeon HD 560v, ATI Mobility Radeon HD 4650 (M96), NVIDIA GeForce Go 7950 GTX SLI (G71M), NVIDIA GeForce Go 7900 GTX SLI (G71M), NVIDIA GeForce GT 420M (N11P-GE), AMD Radeon HD 7530M (Thames-LP), ATI Mobility Radeon HD 3850 (M88), NVIDIA GeForce GT 330M (N11P-GE1), NVIDIA Quadro FX 880M (N10P-GLM), NVIDIA Quadro NVS 5100M (N10P-NS), NVIDIA GeForce GT 240M (N10P-GS), AMD Radeon HD 7490M (Seymour XTX), AMD Radeon HD 7510M (Thames-LE), NVIDIA GeForce Go 7950 GTX (G71M), NVIDIA Quadro FX 3500M (G71GLM), NVIDIA GeForce 8700M GT SLI (NB8E-SE), NVIDIA GeForce 9700M GT (NB9E-GE), NVIDIA GeForce GT 230M (N10P-GE), ATI Mobility Radeon HD 550v, AMD Radeon HD 6620G (Llano), Intel HD Graphics (Skylake) (Skylake GT1), AMD Radeon HD 6545G2, AMD Radeon HD 6520G + HD 7450M Dual Graphics, AMD Radeon HD 6540G2, AMD Radeon HD 7500G (Trinity), AMD Radeon HD 6480G + HD 7450M Dual Graphics, AMD Radeon HD 6515G2, AMD Radeon HD 7470M (Seymour XT / XTX), AMD Radeon HD 6490M (Seymour XT), AMD Radeon HD 8410G (Trinity), NVIDIA GeForce GT 520MX (N12P-GVR), AMD Radeon HD 7520G (Trinity), NVIDIA GeForce GT 325M (N11P-GV1), NVIDIA GeForce Go 7800 GTX SLI (G70M), NVIDIA GeForce 8600M GT SLI (NB8P-GS), NVIDIA GeForce Go 7900 GS SLI (G71M), NVIDIA GeForce GT 130M (N10P-GE1), NVIDIA NVS 4200M, NVIDIA GeForce Go 7900 GTX (G71M), NVIDIA Quadro FX 2500M (G71glm), NVIDIA GeForce 9650M GS (NB9P-GS1), NVIDIA GeForce 9650M GT (NB9P-GT), NVIDIA GeForce 8700M GT (NB8E-SE), NVIDIA Quadro FX 1700M (NB9P-GLM), NVIDIA Quadro FX 1600M (NB8P-GLM), NVIDIA GeForce Go 7800 GTX (G70M), NVIDIA GeForce Go 7900 GS (G71M), NVIDIA Quadro NVS 320M (G84M), NVIDIA Quadro FX 1500M (G71GLM), NVIDIA GeForce 9600M GT (NB9P-GS), NVIDIA GeForce GT 220M (G96M), NVIDIA Quadro FX 770M (NB9P-GLM), NVIDIA GeForce GT 120M (N10P-GV1), AMD Radeon HD 6510G2, AMD Radeon HD 7450M (Seymour-PRO), NVIDIA GeForce 610M (N13M-GE), NVIDIA GeForce 705M, AMD Radeon HD 6470M (Seymour XT), AMD FirePro M3900 (Seymour XT), NVIDIA GeForce GT 520M (N12P-GP/LV), AMD Radeon HD 7420G (Trinity), ATI Mobility Radeon HD 3670 (M86XT), ATI Mobility FireGL V5725 (M86GL), AMD Radeon HD 6520G (Llano), AMD Radeon HD 8310G (Trinity), NVIDIA GeForce 320M (MCP89), NVIDIA GeForce GT 320M, ATI Mobility Radeon HD 2600 XT (M76-XT), ATI Mobility Radeon X1900 (M59), ATI Mobility Radeon X1800XT (M58, R520), ATI Mobility Radeon X1800 (M58), NVIDIA GeForce Go 6800 Ultra (NV41M), NVIDIA GeForce Go 7800 (G70M), NVIDIA GeForce 9600M GS (NB9P-GE), NVIDIA GeForce 9500M GS (NB9P-GE1), AMD Radeon HD 7400G (Trinity), AMD Radeon HD 6480G (Llano), ATI Mobility Radeon HD 2700 (M76-XT), NVIDIA GeForce GT 415M (N11P-GV), NVIDIA GeForce 410M (N12M-GS), AMD Radeon HD 7370M (Robson XT)",,,,,,,,,,,,,,,,,,
"5. Видеокарты класса Low-End
Эти графические чипы позволяют играть только в старые и не очень требовательные игры. Графические ядра с разделяемой памятью позволяют достичь более длительного времени работы от батареи и меньшего уровня нагрева. Офисные задачи, интернет, обработка (небольших) изображений и просмотр (не HD) видео для них не составляет особого труда.",,,,,,,,,,,,,,,,,,
579,Intel HD Graphics (Cherry Trail),Intel Gen8,16,,200,600,,64/128,,12 (FL 11_1),4.3,2.5,19303,1783.5,225,298,2595,32
581,AMD Radeon HD 8280,GCN,128,,450,,,,,11.1,,1.1,,2515,328,496,,
589,AMD Radeon R6 (Mullins),GCN 1.1,128,,500,,,64,,12 (FL 12_0),,2.9,20511,2258,,,,
Ранг,Модель,Архитектура,Пикс. шейдеры,Вершин. шейдеры,Штатная частота,Turbo,Частота памяти,Шина памяти,Тип,Версия DirectX,OpenGL,"Потенциал, %",3DMark Ice Storm GPU,3DMark Cloud Gate GPU,3DMark Fire Strike Graphics,3DMark11 P GPU,3DMark06,GFXBench
590,AMD Radeon HD 8240,GCN,128,,400,,,,,11.1,,2.3,,2273,292.5,427.5,2636,
591,AMD Radeon HD 8250,GCN,128,,300,400,,,,11.1,,2.2,,1965,253.5,422.5,2570,
595,AMD Radeon R2 (Mullins/Beema/Carrizo-L),GCN 1.1,128,,300,600,,64,,12 (FL 12_0),,2.7,,2650,373,397,3242,36
616,AMD Radeon HD 8210,GCN,128,,300,,,,,11.1,,2.6,26764,1904.5,227,343.5,2177.5,25
620,Intel HD Graphics (Ivy Bridge),Ivy Bridge,6,,350,1100,,64/128,,11.0,,2.3,,2286,285.5,315,2930,27
660,Intel HD Graphics (Bay Trail),Ivy Bridge,4,,311,896,,32/64/128,,11,"4.0, ES 3.0",1.7,14748.5,1228.5,149,185,1867,16
664,AMD Radeon HD 7340,Terascale 2,80,,523,680,,,,11,,2.1,,1908,224,331.5,2466.5,
666,AMD Radeon HD 7310,Terascale 2,80,,500,,,,,11,,1.4,,1593,192,260,1458.5,
668,AMD Radeon HD 8180,GCN,128,,225,,,,,11.1,,1.5,,1493,145,268,1723.5,
684,AMD Radeon HD 7290,Terascale 2,80,,280,400,,,,11,,2,,,,206,1536,
"Архивные (старые): AMD Radeon HD 6370M (Robson XT), ATI Mobility Radeon HD 5470 (Park XT), AMD Radeon HD 6450M (Seymour-PRO), AMD Radeon HD 7430M (Seymour-PRO), ATI Mobility Radeon HD 3650 (M86), ATI Mobility FireGL V5700 (M86-GL), ATI Mobility Radeon HD 5145, ATI Mobility Radeon HD 545v, ATI Mobility Radeon HD 4570 (M92-XT), NVIDIA Quadro FX 570M (G64GLM), ATI Mobility Radeon HD 5450 (Park Pro), NVIDIA GeForce 8600M GT (G84M), ATI Mobility Radeon HD 2600 (M76), Intel HD Graphics 3000 (Sandy Bridge), NVIDIA Quadro FX 380M (n10m-glm), NVIDIA GeForce 310M (N11M-GE1), NVIDIA GeForce G210M (N10M-GS), NVIDIA NVS 3100M (N10M-NS), NVIDIA GeForce 405M, NVIDIA GeForce 315M (N11M-GE), NVIDIA GeForce Go 7600 GT (G73M), NVIDIA GeForce 9500M G (NB9P), NVIDIA GeForce 8600M GS (G84M), NVIDIA NVS 2100M, NVIDIA GeForce Go 7700 (G73M-B1), NVIDIA GeForce Go 6800 (NV42M), NVIDIA Quadro FX Go 1400 (NV41M), ATI Mobility Radeon X800XT (M28Pro), AMD Radeon HD 6430M (Seymour-LP), AMD Radeon HD 6380G (Llano), ATI Mobility Radeon HD 5430 (Park LP), ATI Mobility Radeon HD 540v, ATI Mobility Radeon HD 4550 (M92), Intel HD Graphics 2500 (Ivy Bridge GT1), AMD Radeon HD 7350M (Robson Pro), AMD Radeon HD 6350M (Robson Pro), ATI Mobility Radeon HD 4530 (M92), ATI Mobility Radeon HD 4350 (M92), ATI Mobility Radeon HD 530v (M92), NVIDIA GeForce 305M (n11m-lp1), ATI Mobility Radeon X1700 (M66-P), ATI Mobility FireGL V5250 (M56GL), ATI Mobility Radeon X2500 (M66), NVIDIA GeForce Go 7600 (G73M), NVIDIA Quadro NVS 300M (G72GLM), ATI Mobility Radeon X800 (M28), ATI Mobility Radeon X1600 (M56), ATI Mobility FireGL V5200 (M56GL), ATI Mobility Radeon 9800 (M18), NVIDIA GeForce Go 6600 (NV43M), ATI Mobility Radeon X1450 (M54), ATI Mobility Radeon X700 (M26), ATI Mobility FireGL V5000 (M26GL), NVIDIA GeForce G 110M (N10M-GS1), AMD Radeon HD 6330M (Robson LP), ATI Mobility Radeon HD 4330 (M92-SE), NVIDIA GeForce 8400M GT (G86M), NVIDIA Quadro NVS 140M (G84M), Intel HD Graphics 2000 (Sandy Bridge), NVIDIA GeForce G 107M, NVIDIA GeForce G 105M (N10M-GE1), NVIDIA GeForce G 103M (G98), NVIDIA GeForce 9500M GE (MCP79Mx + NB9M), NVIDIA GeForce G 102M (MCP75), NVIDIA GeForce G 205M (MCP79MX), NVIDIA GeForce 9400M (G) / ION (LE) (MCP79MX), Intel HD Graphics (Sandy Bridge) (Sandy Bridge), VIA Chrome9HD, AMD Radeon HD 6320 (Zacate), AMD Radeon HD 6310 (Zacate), ATI Mobility Radeon HD 3470 Hybrid X2 (M82-XT + RS780M), NVIDIA GeForce 9400M GeForceBoost, ATI Mobility Radeon HD 3470 (M82-XT), NVIDIA GeForce 9300M G (NB9M-GS1), NVIDIA ION 2 (GT218-ION-A3, GT218-ILV-A3), NVIDIA GeForce 9300M GS (NB9M-GS), NVIDIA Quadro FX 370M (NB9M-GLM), NVIDIA Quadro NVS 160M, NVIDIA GeForce 9200M GS (NB9M-GE), ATI Mobility Radeon HD 3450 (M82), ATI Mobility Radeon HD 3430 (M82-SE), ATI Mobility Radeon HD 3410 (M82-MPE), ATI Mobility Radeon HD 2400 XT (M74), ATI Radeon HD 4270 (RS880M), ATI Radeon HD 4250 (RS880M), AMD Radeon HD 6290 (Zacate), ATI Radeon HD 4200 (RV620), Intel Graphics Media Accelerator (GMA) HD Graphics (GMA HD), AMD Radeon HD 6250 (Zacate), NVIDIA Quadro NVS 150M, NVIDIA Quadro FX 360M (NB8M-GLM), ATI Mobility Radeon X1350 (M52), ATI Mobility Radeon X1400 (M54), NVIDIA GeForce 9100M G (MCP77MH MCP79MH), NVIDIA GeForce 8400M GS (G86M), NVIDIA Quadro NVS 135M (G86M), ATI Mobility Radeon HD 2400 (M72), ATI Radeon HD 3200 (RS780M), ATI Radeon HD 4225 (RS880M), ATI Radeon HD 4100, ATI Mobility Radeon HD 3400, ATI Radeon HD 3100 (RS780MC), NVIDIA GeForce 8400M G (G86M), NVIDIA Quadro NVS 130M (G86M), NVIDIA GeForce 8200M G (MCP77MV MCP79MVL), Intel Graphics Media Accelerator (GMA) 4700MHD (Montevina), Intel Graphics Media Accelerator (GMA) 4500MHD (Montevina), Intel Graphics Media Accelerator (GMA) 4500M (GL40), NVIDIA GeForce Go 7400 (G72M), NVIDIA Quadro FX 350M (G72M), NVIDIA Quadro NVS 120M (G72M), NVIDIA GeForce Go 7300 (G72M), NVIDIA Quadro NVS 110M (G72M), ATI Mobility Radeon X600 (M24), ATI Mobility FireGL V3200 (M24GL), ATI Mobility FireGL V3100 (M22GL), ATI Mobility Radeon X2300 (M64), ATI Mobility Radeon HD 2300 (M71), ATI Mobility Radeon 9700 (M11), ATI Mobility FireGL T2e (M11GL), ATI Mobility Radeon X1300 (M52), NVIDIA GeForce4 4200 Go (NV28M), ATI Mobility Radeon 9600 (M10), ATI Mobility FireGL T2 (M10GL), ATI Mobility Radeon 9550 (M12), NVIDIA GeForce Go 7200 (G72M), NVIDIA GeForce Go 6400 (NV44M1), ATI Mobility Radeon X300 (M22), NVIDIA GeForce Go 6250 (NV44M1), NVIDIA GeForce Go 6200 (NV44MV), NVIDIA GeForce FX Go 5700 (NV36M), NVIDIA Quadro FX Go 1000, NVIDIA GeForce FX Go 5600 / 5650 (NV31M), ATI Radeon Xpress X1270 (M690T), ATI Radeon Xpress X1250 (RS690M), ATI Radeon Xpress 1250, ATI Radeon Xpress X1200 (RS690M), Intel Graphics Media Accelerator (GMA) X3100 (Crestline), Intel Graphics Media Accelerator (GMA) 3650 (Cedar Trail), NVIDIA GeForce 7190M, NVIDIA GeForce 7150M (C67), ATI Radeon Xpress 1150 (RS482M), NVIDIA GeForce Go 6150 (C51MV), NVIDIA GeForce Go 6100 (C51MV), NVIDIA GeForce 7000M (C67), Intel Graphics Media Accelerator (GMA) 3600 (Cedar Trail), ATI Mobility Radeon 9200 (M9), ATI Mobility FireGL 9000 (M9GL), NVIDIA GeForce FX Go 5200 (NV31M), ATI Mobility Radeon 9000 (M9), NVIDIA GeForce 4 488 Go (NV17M), NVIDIA GeForce 4 460 Go (NV17M), NVIDIA GeForce 4 440 Go (NV17M), NVIDIA GeForce 4 420 Go (NV17M), Intel Graphics Media Accelerator (GMA) 3150 (Pineview), Intel Graphics Media Accelerator (GMA) 950 (GMA 950), ATI Mobility Radeon 7500 (RV200), ATI Mobility FireGL 7800, Intel Graphics Media Accelerator (GMA) 900 (GMA 900), ATI Radeon Xpress 200M, ATI Radeon Xpress 1100, SIS Mirage 3+ 672MX (SISM672), SIS Mirage 3 671MX (671MX), Intel Graphics Media Accelerator (GMA) 600 (GMA 600), Intel Graphics Media Accelerator (GMA) 500 (GMA 500), NVIDIA GeForce 3 Go, NVIDIA GeForce 2 Go (200 / 100) (NV11), ATI Mobility Radeon 9100 IGP (RS350), ATI Mobility Radeon 9000 IGP (RC350), ATI Mobility Radeon M7 (M7), ATI Mobility Radeon M6 (M6), VIA Chrome9 HC (VN896), Intel Extreme Graphics 2 (Montara), ATI Mobility Radeon 7000 IGP (R100), ATI Radeon IGP 340M, ATI Radeon IGP 320M, VIA S3G UniChrome Pro II (Zoetrope), VIA S3G UniChrome Pro (Zoetrope), VIA Castle Rock (CLE266), SIS Mirage 2 M760 (M760), SIS Mirage M661FX , VIA S3 Graphics ProSavage8, ATI Mobility 128 M3 (M3), Silicon Motion SM502, unknown",,,,,,,,,,,,,,,,,,
